{"Version":"0.0.0","Data":{"Fires":"{\"Version\":\"0.0.0\",\"FiresPerStructureType\":{\"32\":[{\"IsLit\":false,\"PutOutChance\":1,\"Fuel\":120.0001,\"FuelDrainRate\":0.25},{\"IsLit\":false,\"PutOutChance\":2,\"Fuel\":420.0,\"FuelDrainRate\":1.0},{\"IsLit\":false,\"PutOutChance\":1,\"Fuel\":300.0001,\"FuelDrainRate\":1.0},{\"IsLit\":false,\"PutOutChance\":1,\"Fuel\":150.007523,\"FuelDrainRate\":0.25},{\"IsLit\":false,\"PutOutChance\":1,\"Fuel\":60.0001,\"FuelDrainRate\":1.0},{\"IsLit\":false,\"PutOutChance\":1,\"Fuel\":600.0,\"FuelDrainRate\":0.25},{\"IsLit\":false,\"PutOutChance\":2,\"Fuel\":300.0,\"FuelDrainRate\":1.0},{\"IsLit\":false,\"PutOutChance\":1,\"Fuel\":600.0,\"FuelDrainRate\":0.25},{\"IsLit\":false,\"PutOutChance\":1,\"Fuel\":150.003235,\"FuelDrainRate\":0.6785714},{\"IsLit\":false,\"PutOutChance\":1,\"Fuel\":150.000092,\"FuelDrainRate\":1.0},{\"IsLit\":false,\"PutOutChance\":1,\"Fuel\":60.0001,\"FuelDrainRate\":1.0},{\"IsLit\":false,\"PutOutChance\":-4,\"Fuel\":0.008906301,\"FuelDrainRate\":0.25},{\"IsLit\":false,\"PutOutChance\":-3,\"Fuel\":0.0074514146,\"FuelDrainRate\":0.25}]}}"}}