{"Version":"0.0.0","Data":{"GameState":"{\"Version\":\"0.0.0\",\"SaveTime\":\"2023-03-23T21:04:54.8632503+01:00\",\"GameType\":\"Normal\",\"GameId\":\"6fc80cfd-c5dd-4551-a23b-7016c7a53072\",\"GameDays\":12,\"GameHours\":11,\"GameMinutes\":15,\"GameSeconds\":32,\"GameMilliseconds\":496,\"IsRobbyDead\":false,\"IsVirginiaDead\":false,\"CoreGameCompleted\":false,\"EscapedIsland\":false,\"StayedOnIsland\":false,\"CrashSite\":\"snow\",\"NamedIntDatas\":[{\"SaveObjectNameId\":\"LuxuryBunker.EntranceDoor\",\"SaveValue\":0},{\"SaveObjectNameId\":\"LuxuryBunker.HellDoorCaveEntrance\",\"SaveValue\":0},{\"SaveObjectNameId\":\"HangingTacticalGpsPickedUp\",\"SaveValue\":0},{\"SaveObjectNameId\":\"BuriedTacticalGpsPickedUp\",\"SaveValue\":0},{\"SaveObjectNameId\":\"RaftTacticalGpsPickeUp\",\"SaveValue\":1},{\"SaveObjectNameId\":\"BunkerA.EntranceHatch\",\"SaveValue\":3},{\"SaveObjectNameId\":\"BunkerB.EntranceHatch\",\"SaveValue\":0},{\"SaveObjectNameId\":\"BunkerC.EntranceHatch\",\"SaveValue\":0},{\"SaveObjectNameId\":\"EntertainmentBunker.ExitDoor\",\"SaveValue\":3},{\"SaveObjectNameId\":\"EntertainmentBunker.EntranceDoor\",\"SaveValue\":3},{\"SaveObjectNameId\":\"EntertainmentBunker.ComputerRoomDoor\",\"SaveValue\":3},{\"SaveObjectNameId\":\"CaveB.Sluggy\",\"SaveValue\":1},{\"SaveObjectNameId\":\"BunkerFoodAndDining.EntranceHatch\",\"SaveValue\":3},{\"SaveObjectNameId\":\"BunkerFoodAndDining.DiningDoor\",\"SaveValue\":3},{\"SaveObjectNameId\":\"BunkerFoodAndDining.EntranceDoor\",\"SaveValue\":3},{\"SaveObjectNameId\":\"HangingTactical\",\"SaveValue\":1},{\"SaveObjectNameId\":\"HangingTacticalCutDown\",\"SaveValue\":1},{\"SaveObjectNameId\":\"CaveC.Sluggy\",\"SaveValue\":3},{\"SaveObjectNameId\":\"BunkerFoodAndDining.PufftonBossSpawn\",\"SaveValue\":1}]}"}}