{"Version":"0.0.0","Data":{"PlayerState":"{\"_entries\":[{\"Name\":\"seenFirstTimeEquip_00000381\",\"SettingType\":0,\"Version\":0,\"BoolValue\":true,\"IntValue\":0,\"FloatValue\":0.0,\"StringValue\":\"\",\"Protected\":false,\"FloatArrayValue\":[],\"IsSet\":false},{\"Name\":\"GotTutorialTarp\",\"SettingType\":0,\"Version\":0,\"BoolValue\":true,\"IntValue\":0,\"FloatValue\":0.0,\"StringValue\":\"\",\"Protected\":false,\"FloatArrayValue\":[],\"IsSet\":false},{\"Name\":\"isNewItemInInventory_00000483\",\"SettingType\":0,\"Version\":0,\"BoolValue\":false,\"IntValue\":0,\"FloatValue\":0.0,\"StringValue\":\"\",\"Protected\":false,\"FloatArrayValue\":[],\"IsSet\":false},{\"Name\":\"isNewItemInInventory_00000380\",\"SettingType\":0,\"Version\":0,\"BoolValue\":false,\"IntValue\":0,\"FloatValue\":0.0,\"StringValue\":\"\",\"Protected\":false,\"FloatArrayValue\":[],\"IsSet\":false},{\"Name\":\"isNewItemInInventory_00000486\",\"SettingType\":0,\"Version\":0,\"BoolValue\":false,\"IntValue\":0,\"FloatValue\":0.0,\"StringValue\":\"\",\"Protected\":false,\"FloatArrayValue\":[],\"IsSet\":false},{\"Name\":\"isNewItemInInventory_00000419\",\"SettingType\":0,\"Version\":0,\"BoolValue\":false,\"IntValue\":0,\"FloatValue\":0.0,\"StringValue\":\"\",\"Protected\":false,\"FloatArrayValue\":[],\"IsSet\":false},{\"Name\":\"crafted.00000379\",\"SettingType\":1,\"Version\":0,\"BoolValue\":false,\"IntValue\":1,\"FloatValue\":0.0,\"StringValue\":\"\",\"Protected\":false,\"FloatArrayValue\":[],\"IsSet\":false},{\"Name\":\"crafted.00000412\",\"SettingType\":1,\"Version\":0,\"BoolValue\":false,\"IntValue\":1,\"FloatValue\":0.0,\"StringValue\":\"\",\"Protected\":false,\"FloatArrayValue\":[],\"IsSet\":false},{\"Name\":\"crafted.00000413\",\"SettingType\":1,\"Version\":0,\"BoolValue\":false,\"IntValue\":1,\"FloatValue\":0.0,\"StringValue\":\"\",\"Protected\":false,\"FloatArrayValue\":[],\"IsSet\":false},{\"Name\":\"crafted.00000589\",\"SettingType\":1,\"Version\":0,\"BoolValue\":false,\"IntValue\":1,\"FloatValue\":0.0,\"StringValue\":\"\",\"Protected\":false,\"FloatArrayValue\":[],\"IsSet\":false},{\"Name\":\"isNewCraftingRecipe_StartingEmergencyPackRecipe\",\"SettingType\":0,\"Version\":0,\"BoolValue\":false,\"IntValue\":0,\"FloatValue\":0.0,\"StringValue\":\"\",\"Protected\":false,\"FloatArrayValue\":[],\"IsSet\":false},{\"Name\":\"seenFirstTimeEquip_00000413\",\"SettingType\":0,\"Version\":0,\"BoolValue\":true,\"IntValue\":0,\"FloatValue\":0.0,\"StringValue\":\"\",\"Protected\":false,\"FloatArrayValue\":[],\"IsSet\":false},{\"Name\":\"isNewItemInInventory_00000413\",\"SettingType\":0,\"Version\":0,\"BoolValue\":false,\"IntValue\":0,\"FloatValue\":0.0,\"StringValue\":\"\",\"Protected\":false,\"FloatArrayValue\":[],\"IsSet\":false},{\"Name\":\"isNewItemInInventory_00000379\",\"SettingType\":0,\"Version\":0,\"BoolValue\":false,\"IntValue\":0,\"FloatValue\":0.0,\"StringValue\":\"\",\"Protected\":false,\"FloatArrayValue\":[],\"IsSet\":false},{\"Name\":\"seenFirstTimeEquip_00000379\",\"SettingType\":0,\"Version\":0,\"BoolValue\":true,\"IntValue\":0,\"FloatValue\":0.0,\"StringValue\":\"\",\"Protected\":false,\"FloatArrayValue\":[],\"IsSet\":false},{\"Name\":\"isNewItemInInventory_00000418\",\"SettingType\":0,\"Version\":0,\"BoolValue\":false,\"IntValue\":0,\"FloatValue\":0.0,\"StringValue\":\"\",\"Protected\":false,\"FloatArrayValue\":[],\"IsSet\":false},{\"Name\":\"isNewItemInInventory_00000412\",\"SettingType\":0,\"Version\":0,\"BoolValue\":false,\"IntValue\":0,\"FloatValue\":0.0,\"StringValue\":\"\",\"Protected\":false,\"FloatArrayValue\":[],\"IsSet\":false},{\"Name\":\"ShowMissingTacticalsTutorial\",\"SettingType\":0,\"Version\":0,\"BoolValue\":false,\"IntValue\":0,\"FloatValue\":0.0,\"StringValue\":\"\",\"Protected\":false,\"FloatArrayValue\":[],\"IsSet\":false},{\"Name\":\"seenFirstTimeEquip_00000412\",\"SettingType\":0,\"Version\":0,\"BoolValue\":true,\"IntValue\":0,\"FloatValue\":0.0,\"StringValue\":\"\",\"Protected\":false,\"FloatArrayValue\":[],\"IsSet\":false},{\"Name\":\"isNewCraftingRecipeTutorial_CraftedSpearRecipe\",\"SettingType\":0,\"Version\":0,\"BoolValue\":false,\"IntValue\":0,\"FloatValue\":0.0,\"StringValue\":\"\",\"Protected\":false,\"FloatArrayValue\":[],\"IsSet\":false},{\"Name\":\"InventoryLightsActive\",\"SettingType\":0,\"Version\":0,\"BoolValue\":false,\"IntValue\":0,\"FloatValue\":0.0,\"StringValue\":\"\",\"Protected\":false,\"FloatArrayValue\":[],\"IsSet\":false},{\"Name\":\"isNewCraftingRecipeTutorial_CraftedAxeRecipe\",\"SettingType\":0,\"Version\":0,\"BoolValue\":false,\"IntValue\":0,\"FloatValue\":0.0,\"StringValue\":\"\",\"Protected\":false,\"FloatArrayValue\":[],\"IsSet\":false},{\"Name\":\"isNewCraftingRecipeTutorial_CraftedBowRecipe\",\"SettingType\":0,\"Version\":0,\"BoolValue\":false,\"IntValue\":0,\"FloatValue\":0.0,\"StringValue\":\"\",\"Protected\":false,\"FloatArrayValue\":[],\"IsSet\":false},{\"Name\":\"isNewItemInInventory_00000480\",\"SettingType\":0,\"Version\":0,\"BoolValue\":false,\"IntValue\":0,\"FloatValue\":0.0,\"StringValue\":\"\",\"Protected\":false,\"FloatArrayValue\":[],\"IsSet\":false},{\"Name\":\"isNewItemInInventory_00000482\",\"SettingType\":0,\"Version\":0,\"BoolValue\":false,\"IntValue\":0,\"FloatValue\":0.0,\"StringValue\":\"\",\"Protected\":false,\"FloatArrayValue\":[],\"IsSet\":false},{\"Name\":\"isNewItemInInventory_00000481\",\"SettingType\":0,\"Version\":0,\"BoolValue\":false,\"IntValue\":0,\"FloatValue\":0.0,\"StringValue\":\"\",\"Protected\":false,\"FloatArrayValue\":[],\"IsSet\":false},{\"Name\":\"isNewItemInInventory_00000402\",\"SettingType\":0,\"Version\":0,\"BoolValue\":false,\"IntValue\":0,\"FloatValue\":0.0,\"StringValue\":\"\",\"Protected\":false,\"FloatArrayValue\":[],\"IsSet\":false},{\"Name\":\"isNewItemInInventory_00000414\",\"SettingType\":0,\"Version\":0,\"BoolValue\":false,\"IntValue\":0,\"FloatValue\":0.0,\"StringValue\":\"\",\"Protected\":false,\"FloatArrayValue\":[],\"IsSet\":false},{\"Name\":\"isNewItemInInventory_00000381\",\"SettingType\":0,\"Version\":0,\"BoolValue\":false,\"IntValue\":0,\"FloatValue\":0.0,\"StringValue\":\"\",\"Protected\":false,\"FloatArrayValue\":[],\"IsSet\":false},{\"Name\":\"isNewItemInInventory_00000403\",\"SettingType\":0,\"Version\":0,\"BoolValue\":false,\"IntValue\":0,\"FloatValue\":0.0,\"StringValue\":\"\",\"Protected\":false,\"FloatArrayValue\":[],\"IsSet\":false},{\"Name\":\"isNewItemInInventory_00000437\",\"SettingType\":0,\"Version\":0,\"BoolValue\":false,\"IntValue\":0,\"FloatValue\":0.0,\"StringValue\":\"\",\"Protected\":false,\"FloatArrayValue\":[],\"IsSet\":false},{\"Name\":\"consumed.00000437\",\"SettingType\":1,\"Version\":0,\"BoolValue\":false,\"IntValue\":13,\"FloatValue\":0.0,\"StringValue\":\"\",\"Protected\":false,\"FloatArrayValue\":[],\"IsSet\":false},{\"Name\":\"isNewItemInInventory_00000504\",\"SettingType\":0,\"Version\":0,\"BoolValue\":false,\"IntValue\":0,\"FloatValue\":0.0,\"StringValue\":\"\",\"Protected\":false,\"FloatArrayValue\":[],\"IsSet\":false},{\"Name\":\"isNewItemInInventory_00000476\",\"SettingType\":0,\"Version\":0,\"BoolValue\":false,\"IntValue\":0,\"FloatValue\":0.0,\"StringValue\":\"\",\"Protected\":false,\"FloatArrayValue\":[],\"IsSet\":false},{\"Name\":\"isNewItemInInventory_00000393\",\"SettingType\":0,\"Version\":0,\"BoolValue\":false,\"IntValue\":0,\"FloatValue\":0.0,\"StringValue\":\"\",\"Protected\":false,\"FloatArrayValue\":[],\"IsSet\":false},{\"Name\":\"isNewItemInInventory_00000589\",\"SettingType\":0,\"Version\":0,\"BoolValue\":false,\"IntValue\":0,\"FloatValue\":0.0,\"StringValue\":\"\",\"Protected\":false,\"FloatArrayValue\":[],\"IsSet\":false},{\"Name\":\"seenFirstTimeEquip_00000589\",\"SettingType\":0,\"Version\":0,\"BoolValue\":true,\"IntValue\":0,\"FloatValue\":0.0,\"StringValue\":\"\",\"Protected\":false,\"FloatArrayValue\":[],\"IsSet\":false},{\"Name\":\"SCREWBookLastUsed\",\"SettingType\":0,\"Version\":0,\"BoolValue\":false,\"IntValue\":0,\"FloatValue\":0.0,\"StringValue\":\"\",\"Protected\":false,\"FloatArrayValue\":[],\"IsSet\":false},{\"Name\":\"BlueprintBookPageIndex\",\"SettingType\":1,\"Version\":0,\"BoolValue\":false,\"IntValue\":14,\"FloatValue\":0.0,\"StringValue\":\"\",\"Protected\":false,\"FloatArrayValue\":[],\"IsSet\":false},{\"Name\":\"Strength\",\"SettingType\":2,\"Version\":0,\"BoolValue\":false,\"IntValue\":0,\"FloatValue\":75.75726,\"StringValue\":\"\",\"Protected\":false,\"FloatArrayValue\":[],\"IsSet\":false},{\"Name\":\"StrengthLevel\",\"SettingType\":1,\"Version\":0,\"BoolValue\":false,\"IntValue\":10,\"FloatValue\":0.0,\"StringValue\":\"\",\"Protected\":false,\"FloatArrayValue\":[],\"IsSet\":false},{\"Name\":\"CurrentStrength\",\"SettingType\":2,\"Version\":0,\"BoolValue\":false,\"IntValue\":0,\"FloatValue\":4244.346,\"StringValue\":\"\",\"Protected\":false,\"FloatArrayValue\":[],\"IsSet\":false},{\"Name\":\"RequiredCurrentStrengthPerLevel\",\"SettingType\":2,\"Version\":0,\"BoolValue\":false,\"IntValue\":0,\"FloatValue\":5602.56,\"StringValue\":\"\",\"Protected\":false,\"FloatArrayValue\":[],\"IsSet\":false},{\"Name\":\"MaxHealth\",\"SettingType\":2,\"Version\":0,\"BoolValue\":false,\"IntValue\":0,\"FloatValue\":118.0,\"StringValue\":\"\",\"Protected\":false,\"FloatArrayValue\":[],\"IsSet\":false},{\"Name\":\"CurrentHealth\",\"SettingType\":2,\"Version\":0,\"BoolValue\":false,\"IntValue\":0,\"FloatValue\":116.0,\"StringValue\":\"\",\"Protected\":false,\"FloatArrayValue\":[],\"IsSet\":false},{\"Name\":\"TargetHealth\",\"SettingType\":2,\"Version\":0,\"BoolValue\":false,\"IntValue\":0,\"FloatValue\":116.0,\"StringValue\":\"\",\"Protected\":false,\"FloatArrayValue\":[],\"IsSet\":false},{\"Name\":\"Hydration\",\"SettingType\":2,\"Version\":0,\"BoolValue\":false,\"IntValue\":0,\"FloatValue\":61.3313026,\"StringValue\":\"\",\"Protected\":false,\"FloatArrayValue\":[],\"IsSet\":false},{\"Name\":\"Fullness\",\"SettingType\":2,\"Version\":0,\"BoolValue\":false,\"IntValue\":0,\"FloatValue\":84.22471,\"StringValue\":\"\",\"Protected\":false,\"FloatArrayValue\":[],\"IsSet\":false},{\"Name\":\"Rest\",\"SettingType\":2,\"Version\":0,\"BoolValue\":false,\"IntValue\":0,\"FloatValue\":33.4624,\"StringValue\":\"\",\"Protected\":false,\"FloatArrayValue\":[],\"IsSet\":false},{\"Name\":\"Stamina\",\"SettingType\":2,\"Version\":0,\"BoolValue\":false,\"IntValue\":0,\"FloatValue\":63.7676773,\"StringValue\":\"\",\"Protected\":false,\"FloatArrayValue\":[],\"IsSet\":false},{\"Name\":\"HydrationBuff\",\"SettingType\":2,\"Version\":0,\"BoolValue\":false,\"IntValue\":0,\"FloatValue\":-11.09273,\"StringValue\":\"\",\"Protected\":false,\"FloatArrayValue\":[],\"IsSet\":false},{\"Name\":\"FullnessBuff\",\"SettingType\":2,\"Version\":0,\"BoolValue\":false,\"IntValue\":0,\"FloatValue\":-15.4094162,\"StringValue\":\"\",\"Protected\":false,\"FloatArrayValue\":[],\"IsSet\":false},{\"Name\":\"RestBuff\",\"SettingType\":2,\"Version\":0,\"BoolValue\":false,\"IntValue\":0,\"FloatValue\":-2.74181366E-06,\"StringValue\":\"\",\"Protected\":false,\"FloatArrayValue\":[],\"IsSet\":false},{\"Name\":\"player.position\",\"SettingType\":4,\"Version\":0,\"BoolValue\":false,\"IntValue\":0,\"FloatValue\":0.0,\"StringValue\":\"\",\"Protected\":false,\"FloatArrayValue\":[-945.1588,115.11174,29.8959064],\"IsSet\":false},{\"Name\":\"player.rotation\",\"SettingType\":4,\"Version\":0,\"BoolValue\":false,\"IntValue\":0,\"FloatValue\":0.0,\"StringValue\":\"\",\"Protected\":false,\"FloatArrayValue\":[5.54905455E-09,0.9968767,0.0,0.0789734647],\"IsSet\":false},{\"Name\":\"player.areaMask\",\"SettingType\":1,\"Version\":0,\"BoolValue\":false,\"IntValue\":0,\"FloatValue\":0.0,\"StringValue\":\"\",\"Protected\":false,\"FloatArrayValue\":[],\"IsSet\":false},{\"Name\":\"isNewItemInInventory_00000392\",\"SettingType\":0,\"Version\":0,\"BoolValue\":false,\"IntValue\":0,\"FloatValue\":0.0,\"StringValue\":\"\",\"Protected\":false,\"FloatArrayValue\":[],\"IsSet\":false},{\"Name\":\"crafted.00000443\",\"SettingType\":1,\"Version\":0,\"BoolValue\":false,\"IntValue\":1,\"FloatValue\":0.0,\"StringValue\":\"\",\"Protected\":false,\"FloatArrayValue\":[],\"IsSet\":false},{\"Name\":\"isNewCraftingRecipe_CraftedBowRecipe\",\"SettingType\":0,\"Version\":0,\"BoolValue\":false,\"IntValue\":0,\"FloatValue\":0.0,\"StringValue\":\"\",\"Protected\":false,\"FloatArrayValue\":[],\"IsSet\":false},{\"Name\":\"isNewItemInInventory_00000420\",\"SettingType\":0,\"Version\":0,\"BoolValue\":false,\"IntValue\":0,\"FloatValue\":0.0,\"StringValue\":\"\",\"Protected\":false,\"FloatArrayValue\":[],\"IsSet\":false},{\"Name\":\"isNewItemInInventory_00000443\",\"SettingType\":0,\"Version\":0,\"BoolValue\":false,\"IntValue\":0,\"FloatValue\":0.0,\"StringValue\":\"\",\"Protected\":false,\"FloatArrayValue\":[],\"IsSet\":false},{\"Name\":\"seenFirstTimeEquip_00000443\",\"SettingType\":0,\"Version\":0,\"BoolValue\":true,\"IntValue\":0,\"FloatValue\":0.0,\"StringValue\":\"\",\"Protected\":false,\"FloatArrayValue\":[],\"IsSet\":false},{\"Name\":\"seenFirstTimeEquip_00000392\",\"SettingType\":0,\"Version\":0,\"BoolValue\":true,\"IntValue\":0,\"FloatValue\":0.0,\"StringValue\":\"\",\"Protected\":false,\"FloatArrayValue\":[],\"IsSet\":false},{\"Name\":\"isNewItemInInventory_00000445\",\"SettingType\":0,\"Version\":0,\"BoolValue\":false,\"IntValue\":0,\"FloatValue\":0.0,\"StringValue\":\"\",\"Protected\":false,\"FloatArrayValue\":[],\"IsSet\":false},{\"Name\":\"isNewCraftingRecipeTutorial_CraftedArrowsRecipe\",\"SettingType\":0,\"Version\":0,\"BoolValue\":false,\"IntValue\":0,\"FloatValue\":0.0,\"StringValue\":\"\",\"Protected\":false,\"FloatArrayValue\":[],\"IsSet\":false},{\"Name\":\"isNewItemInInventory_00000479\",\"SettingType\":0,\"Version\":0,\"BoolValue\":false,\"IntValue\":0,\"FloatValue\":0.0,\"StringValue\":\"\",\"Protected\":false,\"FloatArrayValue\":[],\"IsSet\":false},{\"Name\":\"crafted.00000507\",\"SettingType\":1,\"Version\":0,\"BoolValue\":false,\"IntValue\":24,\"FloatValue\":0.0,\"StringValue\":\"\",\"Protected\":false,\"FloatArrayValue\":[],\"IsSet\":false},{\"Name\":\"isNewCraftingRecipe_CraftedArrowsRecipe\",\"SettingType\":0,\"Version\":0,\"BoolValue\":false,\"IntValue\":0,\"FloatValue\":0.0,\"StringValue\":\"\",\"Protected\":false,\"FloatArrayValue\":[],\"IsSet\":false},{\"Name\":\"seenFirstTimeEquip_00000476\",\"SettingType\":0,\"Version\":0,\"BoolValue\":true,\"IntValue\":0,\"FloatValue\":0.0,\"StringValue\":\"\",\"Protected\":false,\"FloatArrayValue\":[],\"IsSet\":false},{\"Name\":\"consumed.00000436\",\"SettingType\":1,\"Version\":0,\"BoolValue\":false,\"IntValue\":16,\"FloatValue\":0.0,\"StringValue\":\"\",\"Protected\":false,\"FloatArrayValue\":[],\"IsSet\":false},{\"Name\":\"TutorialBookPageIndex\",\"SettingType\":1,\"Version\":0,\"BoolValue\":false,\"IntValue\":0,\"FloatValue\":0.0,\"StringValue\":\"\",\"Protected\":false,\"FloatArrayValue\":[],\"IsSet\":false},{\"Name\":\"isNewCraftingRecipeTutorial_BoneArmourRecipe\",\"SettingType\":0,\"Version\":0,\"BoolValue\":false,\"IntValue\":0,\"FloatValue\":0.0,\"StringValue\":\"\",\"Protected\":false,\"FloatArrayValue\":[],\"IsSet\":false},{\"Name\":\"isNewCraftingRecipeTutorial_CraftedClubRecipe\",\"SettingType\":0,\"Version\":0,\"BoolValue\":false,\"IntValue\":0,\"FloatValue\":0.0,\"StringValue\":\"\",\"Protected\":false,\"FloatArrayValue\":[],\"IsSet\":false},{\"Name\":\"isNewItemInInventory_00000436\",\"SettingType\":0,\"Version\":0,\"BoolValue\":false,\"IntValue\":0,\"FloatValue\":0.0,\"StringValue\":\"\",\"Protected\":false,\"FloatArrayValue\":[],\"IsSet\":false},{\"Name\":\"seenFirstTimeEquip_00000393\",\"SettingType\":0,\"Version\":0,\"BoolValue\":true,\"IntValue\":0,\"FloatValue\":0.0,\"StringValue\":\"\",\"Protected\":false,\"FloatArrayValue\":[],\"IsSet\":false},{\"Name\":\"isNewItemInInventory_00000474\",\"SettingType\":0,\"Version\":0,\"BoolValue\":false,\"IntValue\":0,\"FloatValue\":0.0,\"StringValue\":\"\",\"Protected\":false,\"FloatArrayValue\":[],\"IsSet\":false},{\"Name\":\"seenFirstTimeEquip_00000474\",\"SettingType\":0,\"Version\":0,\"BoolValue\":true,\"IntValue\":0,\"FloatValue\":0.0,\"StringValue\":\"\",\"Protected\":false,\"FloatArrayValue\":[],\"IsSet\":false},{\"Name\":\"crafted.00000474\",\"SettingType\":1,\"Version\":0,\"BoolValue\":false,\"IntValue\":2,\"FloatValue\":0.0,\"StringValue\":\"\",\"Protected\":false,\"FloatArrayValue\":[],\"IsSet\":false},{\"Name\":\"isNewCraftingRecipe_CraftedSpearRecipe\",\"SettingType\":0,\"Version\":0,\"BoolValue\":false,\"IntValue\":0,\"FloatValue\":0.0,\"StringValue\":\"\",\"Protected\":false,\"FloatArrayValue\":[],\"IsSet\":false},{\"Name\":\"seenFirstTimeEquip_00000380\",\"SettingType\":0,\"Version\":0,\"BoolValue\":true,\"IntValue\":0,\"FloatValue\":0.0,\"StringValue\":\"\",\"Protected\":false,\"FloatArrayValue\":[],\"IsSet\":false},{\"Name\":\"isNewItemInInventory_00000484\",\"SettingType\":0,\"Version\":0,\"BoolValue\":false,\"IntValue\":0,\"FloatValue\":0.0,\"StringValue\":\"\",\"Protected\":false,\"FloatArrayValue\":[],\"IsSet\":false},{\"Name\":\"isNewItemInInventory_00000495\",\"SettingType\":0,\"Version\":0,\"BoolValue\":false,\"IntValue\":0,\"FloatValue\":0.0,\"StringValue\":\"\",\"Protected\":false,\"FloatArrayValue\":[],\"IsSet\":false},{\"Name\":\"isNewItemInInventory_00000405\",\"SettingType\":0,\"Version\":0,\"BoolValue\":false,\"IntValue\":0,\"FloatValue\":0.0,\"StringValue\":\"\",\"Protected\":false,\"FloatArrayValue\":[],\"IsSet\":false},{\"Name\":\"isNewItemInInventory_00000430\",\"SettingType\":0,\"Version\":0,\"BoolValue\":false,\"IntValue\":0,\"FloatValue\":0.0,\"StringValue\":\"\",\"Protected\":false,\"FloatArrayValue\":[],\"IsSet\":false},{\"Name\":\"isNewItemInInventory_00000433\",\"SettingType\":0,\"Version\":0,\"BoolValue\":false,\"IntValue\":0,\"FloatValue\":0.0,\"StringValue\":\"\",\"Protected\":false,\"FloatArrayValue\":[],\"IsSet\":false},{\"Name\":\"consumed.00000433\",\"SettingType\":1,\"Version\":0,\"BoolValue\":false,\"IntValue\":28,\"FloatValue\":0.0,\"StringValue\":\"\",\"Protected\":false,\"FloatArrayValue\":[],\"IsSet\":false},{\"Name\":\"crafted.00000477\",\"SettingType\":1,\"Version\":0,\"BoolValue\":false,\"IntValue\":1,\"FloatValue\":0.0,\"StringValue\":\"\",\"Protected\":false,\"FloatArrayValue\":[],\"IsSet\":false},{\"Name\":\"isNewCraftingRecipe_CraftedClubRecipe\",\"SettingType\":0,\"Version\":0,\"BoolValue\":false,\"IntValue\":0,\"FloatValue\":0.0,\"StringValue\":\"\",\"Protected\":false,\"FloatArrayValue\":[],\"IsSet\":false},{\"Name\":\"seenFirstTimeEquip_00000477\",\"SettingType\":0,\"Version\":0,\"BoolValue\":true,\"IntValue\":0,\"FloatValue\":0.0,\"StringValue\":\"\",\"Protected\":false,\"FloatArrayValue\":[],\"IsSet\":false},{\"Name\":\"seenFirstTimeEquip_00000524\",\"SettingType\":0,\"Version\":0,\"BoolValue\":true,\"IntValue\":0,\"FloatValue\":0.0,\"StringValue\":\"\",\"Protected\":false,\"FloatArrayValue\":[],\"IsSet\":false},{\"Name\":\"DoneRemoveStructureElementTutorial\",\"SettingType\":0,\"Version\":0,\"BoolValue\":true,\"IntValue\":0,\"FloatValue\":0.0,\"StringValue\":\"\",\"Protected\":false,\"FloatArrayValue\":[],\"IsSet\":false},{\"Name\":\"isNewItemInInventory_00000477\",\"SettingType\":0,\"Version\":0,\"BoolValue\":false,\"IntValue\":0,\"FloatValue\":0.0,\"StringValue\":\"\",\"Protected\":false,\"FloatArrayValue\":[],\"IsSet\":false},{\"Name\":\"isNewItemInInventory_00000410\",\"SettingType\":0,\"Version\":0,\"BoolValue\":false,\"IntValue\":0,\"FloatValue\":0.0,\"StringValue\":\"\",\"Protected\":false,\"FloatArrayValue\":[],\"IsSet\":false},{\"Name\":\"isNewItemInInventory_00000439\",\"SettingType\":0,\"Version\":0,\"BoolValue\":false,\"IntValue\":0,\"FloatValue\":0.0,\"StringValue\":\"\",\"Protected\":false,\"FloatArrayValue\":[],\"IsSet\":false},{\"Name\":\"isNewItemInInventory_00000508\",\"SettingType\":0,\"Version\":0,\"BoolValue\":false,\"IntValue\":0,\"FloatValue\":0.0,\"StringValue\":\"\",\"Protected\":false,\"FloatArrayValue\":[],\"IsSet\":false},{\"Name\":\"isNewItemInInventory_00000432\",\"SettingType\":0,\"Version\":0,\"BoolValue\":false,\"IntValue\":0,\"FloatValue\":0.0,\"StringValue\":\"\",\"Protected\":false,\"FloatArrayValue\":[],\"IsSet\":false},{\"Name\":\"seenFirstTimeEquip_00000405\",\"SettingType\":0,\"Version\":0,\"BoolValue\":true,\"IntValue\":0,\"FloatValue\":0.0,\"StringValue\":\"\",\"Protected\":false,\"FloatArrayValue\":[],\"IsSet\":false},{\"Name\":\"crafted.00000494\",\"SettingType\":1,\"Version\":0,\"BoolValue\":false,\"IntValue\":2,\"FloatValue\":0.0,\"StringValue\":\"\",\"Protected\":false,\"FloatArrayValue\":[],\"IsSet\":false},{\"Name\":\"isNewCraftingRecipe_BoneArmourRecipe\",\"SettingType\":0,\"Version\":0,\"BoolValue\":false,\"IntValue\":0,\"FloatValue\":0.0,\"StringValue\":\"\",\"Protected\":false,\"FloatArrayValue\":[],\"IsSet\":false},{\"Name\":\"isNewItemInInventory_00000494\",\"SettingType\":0,\"Version\":0,\"BoolValue\":false,\"IntValue\":0,\"FloatValue\":0.0,\"StringValue\":\"\",\"Protected\":false,\"FloatArrayValue\":[],\"IsSet\":false},{\"Name\":\"isNewItemInInventory_00000524\",\"SettingType\":0,\"Version\":0,\"BoolValue\":false,\"IntValue\":0,\"FloatValue\":0.0,\"StringValue\":\"\",\"Protected\":false,\"FloatArrayValue\":[],\"IsSet\":false},{\"Name\":\"isNewItemInInventory_00000453\",\"SettingType\":0,\"Version\":0,\"BoolValue\":false,\"IntValue\":0,\"FloatValue\":0.0,\"StringValue\":\"\",\"Protected\":false,\"FloatArrayValue\":[],\"IsSet\":false},{\"Name\":\"crafted.00000618\",\"SettingType\":1,\"Version\":0,\"BoolValue\":false,\"IntValue\":40,\"FloatValue\":0.0,\"StringValue\":\"\",\"Protected\":false,\"FloatArrayValue\":[],\"IsSet\":false},{\"Name\":\"crafted.00000426\",\"SettingType\":1,\"Version\":0,\"BoolValue\":false,\"IntValue\":6,\"FloatValue\":0.0,\"StringValue\":\"\",\"Protected\":false,\"FloatArrayValue\":[],\"IsSet\":false},{\"Name\":\"crafted.00000553\",\"SettingType\":1,\"Version\":0,\"BoolValue\":false,\"IntValue\":9,\"FloatValue\":0.0,\"StringValue\":\"\",\"Protected\":false,\"FloatArrayValue\":[],\"IsSet\":false},{\"Name\":\"isNewItemInInventory_00000425\",\"SettingType\":0,\"Version\":0,\"BoolValue\":false,\"IntValue\":0,\"FloatValue\":0.0,\"StringValue\":\"\",\"Protected\":false,\"FloatArrayValue\":[],\"IsSet\":false},{\"Name\":\"isNewItemInInventory_00000390\",\"SettingType\":0,\"Version\":0,\"BoolValue\":false,\"IntValue\":0,\"FloatValue\":0.0,\"StringValue\":\"\",\"Protected\":false,\"FloatArrayValue\":[],\"IsSet\":false},{\"Name\":\"isNewItemInInventory_00000441\",\"SettingType\":0,\"Version\":0,\"BoolValue\":false,\"IntValue\":0,\"FloatValue\":0.0,\"StringValue\":\"\",\"Protected\":false,\"FloatArrayValue\":[],\"IsSet\":false},{\"Name\":\"isNewItemInInventory_00000597\",\"SettingType\":0,\"Version\":0,\"BoolValue\":false,\"IntValue\":0,\"FloatValue\":0.0,\"StringValue\":\"\",\"Protected\":false,\"FloatArrayValue\":[],\"IsSet\":false},{\"Name\":\"isNewItemInInventory_00000575\",\"SettingType\":0,\"Version\":0,\"BoolValue\":false,\"IntValue\":0,\"FloatValue\":0.0,\"StringValue\":\"\",\"Protected\":false,\"FloatArrayValue\":[],\"IsSet\":false},{\"Name\":\"seenFirstTimeEquip_00000575\",\"SettingType\":0,\"Version\":0,\"BoolValue\":true,\"IntValue\":0,\"FloatValue\":0.0,\"StringValue\":\"\",\"Protected\":false,\"FloatArrayValue\":[],\"IsSet\":false},{\"Name\":\"isNewItemInInventory_00000449\",\"SettingType\":0,\"Version\":0,\"BoolValue\":false,\"IntValue\":0,\"FloatValue\":0.0,\"StringValue\":\"\",\"Protected\":false,\"FloatArrayValue\":[],\"IsSet\":false},{\"Name\":\"isNewItemInInventory_00000398\",\"SettingType\":0,\"Version\":0,\"BoolValue\":false,\"IntValue\":0,\"FloatValue\":0.0,\"StringValue\":\"\",\"Protected\":false,\"FloatArrayValue\":[],\"IsSet\":false},{\"Name\":\"isNewItemInInventory_00000397\",\"SettingType\":0,\"Version\":0,\"BoolValue\":false,\"IntValue\":0,\"FloatValue\":0.0,\"StringValue\":\"\",\"Protected\":false,\"FloatArrayValue\":[],\"IsSet\":false},{\"Name\":\"isNewItemInInventory_00000450\",\"SettingType\":0,\"Version\":0,\"BoolValue\":false,\"IntValue\":0,\"FloatValue\":0.0,\"StringValue\":\"\",\"Protected\":false,\"FloatArrayValue\":[],\"IsSet\":false},{\"Name\":\"isNewItemInInventory_00000446\",\"SettingType\":0,\"Version\":0,\"BoolValue\":false,\"IntValue\":0,\"FloatValue\":0.0,\"StringValue\":\"\",\"Protected\":false,\"FloatArrayValue\":[],\"IsSet\":false},{\"Name\":\"isNewItemInInventory_00000472\",\"SettingType\":0,\"Version\":0,\"BoolValue\":false,\"IntValue\":0,\"FloatValue\":0.0,\"StringValue\":\"\",\"Protected\":false,\"FloatArrayValue\":[],\"IsSet\":false},{\"Name\":\"isNewItemInInventory_00000448\",\"SettingType\":0,\"Version\":0,\"BoolValue\":false,\"IntValue\":0,\"FloatValue\":0.0,\"StringValue\":\"\",\"Protected\":false,\"FloatArrayValue\":[],\"IsSet\":false},{\"Name\":\"isNewItemInInventory_00000553\",\"SettingType\":0,\"Version\":0,\"BoolValue\":false,\"IntValue\":0,\"FloatValue\":0.0,\"StringValue\":\"\",\"Protected\":false,\"FloatArrayValue\":[],\"IsSet\":false},{\"Name\":\"crafted.00000428\",\"SettingType\":1,\"Version\":0,\"BoolValue\":false,\"IntValue\":2,\"FloatValue\":0.0,\"StringValue\":\"\",\"Protected\":false,\"FloatArrayValue\":[],\"IsSet\":false},{\"Name\":\"crafted.00000391\",\"SettingType\":1,\"Version\":0,\"BoolValue\":false,\"IntValue\":3,\"FloatValue\":0.0,\"StringValue\":\"\",\"Protected\":false,\"FloatArrayValue\":[],\"IsSet\":false},{\"Name\":\"crafted.00000560\",\"SettingType\":1,\"Version\":0,\"BoolValue\":false,\"IntValue\":14,\"FloatValue\":0.0,\"StringValue\":\"\",\"Protected\":false,\"FloatArrayValue\":[],\"IsSet\":false},{\"Name\":\"isNewItemInInventory_00000396\",\"SettingType\":0,\"Version\":0,\"BoolValue\":false,\"IntValue\":0,\"FloatValue\":0.0,\"StringValue\":\"\",\"Protected\":false,\"FloatArrayValue\":[],\"IsSet\":false},{\"Name\":\"seenFirstTimeEquip_00000396\",\"SettingType\":0,\"Version\":0,\"BoolValue\":true,\"IntValue\":0,\"FloatValue\":0.0,\"StringValue\":\"\",\"Protected\":false,\"FloatArrayValue\":[],\"IsSet\":false},{\"Name\":\"isNewCraftingRecipeTutorial_DeerHideArmourRecipe\",\"SettingType\":0,\"Version\":0,\"BoolValue\":false,\"IntValue\":0,\"FloatValue\":0.0,\"StringValue\":\"\",\"Protected\":false,\"FloatArrayValue\":[],\"IsSet\":false},{\"Name\":\"isNewCraftingRecipeTutorial_LeafArmourRecipe\",\"SettingType\":0,\"Version\":0,\"BoolValue\":false,\"IntValue\":0,\"FloatValue\":0.0,\"StringValue\":\"\",\"Protected\":false,\"FloatArrayValue\":[],\"IsSet\":false},{\"Name\":\"isNewCraftingRecipeTutorial_MolotovRecipe\",\"SettingType\":0,\"Version\":0,\"BoolValue\":false,\"IntValue\":0,\"FloatValue\":0.0,\"StringValue\":\"\",\"Protected\":false,\"FloatArrayValue\":[],\"IsSet\":false},{\"Name\":\"isNewCraftingRecipeTutorial_TorchRecipe\",\"SettingType\":0,\"Version\":0,\"BoolValue\":false,\"IntValue\":0,\"FloatValue\":0.0,\"StringValue\":\"\",\"Protected\":false,\"FloatArrayValue\":[],\"IsSet\":false},{\"Name\":\"isNewCraftingRecipeTutorial_CatFoodRecipe\",\"SettingType\":0,\"Version\":0,\"BoolValue\":false,\"IntValue\":0,\"FloatValue\":0.0,\"StringValue\":\"\",\"Protected\":false,\"FloatArrayValue\":[],\"IsSet\":false},{\"Name\":\"isNewItemInInventory_00000415\",\"SettingType\":0,\"Version\":0,\"BoolValue\":false,\"IntValue\":0,\"FloatValue\":0.0,\"StringValue\":\"\",\"Protected\":false,\"FloatArrayValue\":[],\"IsSet\":false},{\"Name\":\"crafted.00000503\",\"SettingType\":1,\"Version\":0,\"BoolValue\":false,\"IntValue\":1,\"FloatValue\":0.0,\"StringValue\":\"\",\"Protected\":false,\"FloatArrayValue\":[],\"IsSet\":false},{\"Name\":\"isNewCraftingRecipe_TorchRecipe\",\"SettingType\":0,\"Version\":0,\"BoolValue\":false,\"IntValue\":0,\"FloatValue\":0.0,\"StringValue\":\"\",\"Protected\":false,\"FloatArrayValue\":[],\"IsSet\":false},{\"Name\":\"seenFirstTimeEquip_00000503\",\"SettingType\":0,\"Version\":0,\"BoolValue\":true,\"IntValue\":0,\"FloatValue\":0.0,\"StringValue\":\"\",\"Protected\":false,\"FloatArrayValue\":[],\"IsSet\":false},{\"Name\":\"TorchWasLit\",\"SettingType\":0,\"Version\":0,\"BoolValue\":true,\"IntValue\":0,\"FloatValue\":0.0,\"StringValue\":\"\",\"Protected\":false,\"FloatArrayValue\":[],\"IsSet\":false},{\"Name\":\"isNewItemInInventory_00000503\",\"SettingType\":0,\"Version\":0,\"BoolValue\":false,\"IntValue\":0,\"FloatValue\":0.0,\"StringValue\":\"\",\"Protected\":false,\"FloatArrayValue\":[],\"IsSet\":false},{\"Name\":\"consumed.00000441\",\"SettingType\":1,\"Version\":0,\"BoolValue\":false,\"IntValue\":1,\"FloatValue\":0.0,\"StringValue\":\"\",\"Protected\":false,\"FloatArrayValue\":[],\"IsSet\":false},{\"Name\":\"isNewItemInInventory_00000527\",\"SettingType\":0,\"Version\":0,\"BoolValue\":false,\"IntValue\":0,\"FloatValue\":0.0,\"StringValue\":\"\",\"Protected\":false,\"FloatArrayValue\":[],\"IsSet\":false},{\"Name\":\"isNewItemInInventory_00000452\",\"SettingType\":0,\"Version\":0,\"BoolValue\":false,\"IntValue\":0,\"FloatValue\":0.0,\"StringValue\":\"\",\"Protected\":false,\"FloatArrayValue\":[],\"IsSet\":false},{\"Name\":\"isNewItemInInventory_00000593\",\"SettingType\":0,\"Version\":0,\"BoolValue\":false,\"IntValue\":0,\"FloatValue\":0.0,\"StringValue\":\"\",\"Protected\":false,\"FloatArrayValue\":[],\"IsSet\":false},{\"Name\":\"isNewItemInInventory_00000440\",\"SettingType\":0,\"Version\":0,\"BoolValue\":false,\"IntValue\":0,\"FloatValue\":0.0,\"StringValue\":\"\",\"Protected\":false,\"FloatArrayValue\":[],\"IsSet\":false},{\"Name\":\"isNewItemInInventory_00000417\",\"SettingType\":0,\"Version\":0,\"BoolValue\":false,\"IntValue\":0,\"FloatValue\":0.0,\"StringValue\":\"\",\"Protected\":false,\"FloatArrayValue\":[],\"IsSet\":false},{\"Name\":\"isNewItemInInventory_00000496\",\"SettingType\":0,\"Version\":0,\"BoolValue\":false,\"IntValue\":0,\"FloatValue\":0.0,\"StringValue\":\"\",\"Protected\":false,\"FloatArrayValue\":[],\"IsSet\":false},{\"Name\":\"seenFirstTimeEquip_00000440\",\"SettingType\":0,\"Version\":0,\"BoolValue\":true,\"IntValue\":0,\"FloatValue\":0.0,\"StringValue\":\"\",\"Protected\":false,\"FloatArrayValue\":[],\"IsSet\":false},{\"Name\":\"isNewItemInInventory_00000434\",\"SettingType\":0,\"Version\":0,\"BoolValue\":false,\"IntValue\":0,\"FloatValue\":0.0,\"StringValue\":\"\",\"Protected\":false,\"FloatArrayValue\":[],\"IsSet\":false},{\"Name\":\"isNewItemInInventory_00000522\",\"SettingType\":0,\"Version\":0,\"BoolValue\":false,\"IntValue\":0,\"FloatValue\":0.0,\"StringValue\":\"\",\"Protected\":false,\"FloatArrayValue\":[],\"IsSet\":false},{\"Name\":\"isNewItemInInventory_00000368\",\"SettingType\":0,\"Version\":0,\"BoolValue\":false,\"IntValue\":0,\"FloatValue\":0.0,\"StringValue\":\"\",\"Protected\":false,\"FloatArrayValue\":[],\"IsSet\":false},{\"Name\":\"isNewItemInInventory_00000373\",\"SettingType\":0,\"Version\":0,\"BoolValue\":false,\"IntValue\":0,\"FloatValue\":0.0,\"StringValue\":\"\",\"Protected\":false,\"FloatArrayValue\":[],\"IsSet\":false},{\"Name\":\"seenFirstTimeEquip_00000522\",\"SettingType\":0,\"Version\":0,\"BoolValue\":true,\"IntValue\":0,\"FloatValue\":0.0,\"StringValue\":\"\",\"Protected\":false,\"FloatArrayValue\":[],\"IsSet\":false},{\"Name\":\"crafted.00000422\",\"SettingType\":1,\"Version\":0,\"BoolValue\":false,\"IntValue\":1,\"FloatValue\":0.0,\"StringValue\":\"\",\"Protected\":false,\"FloatArrayValue\":[],\"IsSet\":false},{\"Name\":\"isNewCraftingRecipe_CraftedAxeRecipe\",\"SettingType\":0,\"Version\":0,\"BoolValue\":false,\"IntValue\":0,\"FloatValue\":0.0,\"StringValue\":\"\",\"Protected\":false,\"FloatArrayValue\":[],\"IsSet\":false},{\"Name\":\"isNewItemInInventory_00000422\",\"SettingType\":0,\"Version\":0,\"BoolValue\":false,\"IntValue\":0,\"FloatValue\":0.0,\"StringValue\":\"\",\"Protected\":false,\"FloatArrayValue\":[],\"IsSet\":false},{\"Name\":\"crafted.00000464\",\"SettingType\":1,\"Version\":0,\"BoolValue\":false,\"IntValue\":2,\"FloatValue\":0.0,\"StringValue\":\"\",\"Protected\":false,\"FloatArrayValue\":[],\"IsSet\":false},{\"Name\":\"isNewCraftingRecipe_CatFoodRecipe\",\"SettingType\":0,\"Version\":0,\"BoolValue\":false,\"IntValue\":0,\"FloatValue\":0.0,\"StringValue\":\"\",\"Protected\":false,\"FloatArrayValue\":[],\"IsSet\":false},{\"Name\":\"isNewItemInInventory_00000464\",\"SettingType\":0,\"Version\":0,\"BoolValue\":false,\"IntValue\":0,\"FloatValue\":0.0,\"StringValue\":\"\",\"Protected\":false,\"FloatArrayValue\":[],\"IsSet\":false},{\"Name\":\"consumed.00000464\",\"SettingType\":1,\"Version\":0,\"BoolValue\":false,\"IntValue\":2,\"FloatValue\":0.0,\"StringValue\":\"\",\"Protected\":false,\"FloatArrayValue\":[],\"IsSet\":false},{\"Name\":\"hasOwned_00000402\",\"SettingType\":0,\"Version\":0,\"BoolValue\":true,\"IntValue\":0,\"FloatValue\":0.0,\"StringValue\":\"\",\"Protected\":false,\"FloatArrayValue\":[],\"IsSet\":false},{\"Name\":\"isNewItemInInventory_00000363\",\"SettingType\":0,\"Version\":0,\"BoolValue\":false,\"IntValue\":0,\"FloatValue\":0.0,\"StringValue\":\"\",\"Protected\":false,\"FloatArrayValue\":[],\"IsSet\":false},{\"Name\":\"isNewItemInInventory_00000362\",\"SettingType\":0,\"Version\":0,\"BoolValue\":false,\"IntValue\":0,\"FloatValue\":0.0,\"StringValue\":\"\",\"Protected\":false,\"FloatArrayValue\":[],\"IsSet\":false},{\"Name\":\"crafted.00000502\",\"SettingType\":1,\"Version\":0,\"BoolValue\":false,\"IntValue\":2,\"FloatValue\":0.0,\"StringValue\":\"\",\"Protected\":false,\"FloatArrayValue\":[],\"IsSet\":false},{\"Name\":\"crafted.00000419\",\"SettingType\":1,\"Version\":0,\"BoolValue\":false,\"IntValue\":7,\"FloatValue\":0.0,\"StringValue\":\"\",\"Protected\":false,\"FloatArrayValue\":[],\"IsSet\":false},{\"Name\":\"crafted.00000415\",\"SettingType\":1,\"Version\":0,\"BoolValue\":false,\"IntValue\":1,\"FloatValue\":0.0,\"StringValue\":\"\",\"Protected\":false,\"FloatArrayValue\":[],\"IsSet\":false},{\"Name\":\"isNewCraftingRecipe_LootPouchRecipe\",\"SettingType\":0,\"Version\":0,\"BoolValue\":false,\"IntValue\":0,\"FloatValue\":0.0,\"StringValue\":\"\",\"Protected\":false,\"FloatArrayValue\":[],\"IsSet\":false},{\"Name\":\"isNewItemInInventory_00000523\",\"SettingType\":0,\"Version\":0,\"BoolValue\":false,\"IntValue\":0,\"FloatValue\":0.0,\"StringValue\":\"\",\"Protected\":false,\"FloatArrayValue\":[],\"IsSet\":false},{\"Name\":\"HasBeenTiredBefore\",\"SettingType\":0,\"Version\":0,\"BoolValue\":true,\"IntValue\":0,\"FloatValue\":0.0,\"StringValue\":\"\",\"Protected\":false,\"FloatArrayValue\":[],\"IsSet\":false},{\"Name\":\"seenFirstTimeEquip_00000486\",\"SettingType\":0,\"Version\":0,\"BoolValue\":true,\"IntValue\":0,\"FloatValue\":0.0,\"StringValue\":\"\",\"Protected\":false,\"FloatArrayValue\":[],\"IsSet\":false},{\"Name\":\"isNewItemInInventory_00000400\",\"SettingType\":0,\"Version\":0,\"BoolValue\":false,\"IntValue\":0,\"FloatValue\":0.0,\"StringValue\":\"\",\"Protected\":false,\"FloatArrayValue\":[],\"IsSet\":false},{\"Name\":\"crafted.00000479\",\"SettingType\":1,\"Version\":0,\"BoolValue\":false,\"IntValue\":2,\"FloatValue\":0.0,\"StringValue\":\"\",\"Protected\":false,\"FloatArrayValue\":[],\"IsSet\":false},{\"Name\":\"crafted.00000437\",\"SettingType\":1,\"Version\":0,\"BoolValue\":false,\"IntValue\":1,\"FloatValue\":0.0,\"StringValue\":\"\",\"Protected\":false,\"FloatArrayValue\":[],\"IsSet\":false},{\"Name\":\"crafted.00000496\",\"SettingType\":1,\"Version\":0,\"BoolValue\":false,\"IntValue\":1,\"FloatValue\":0.0,\"StringValue\":\"\",\"Protected\":false,\"FloatArrayValue\":[],\"IsSet\":false},{\"Name\":\"crafted.00000466\",\"SettingType\":1,\"Version\":0,\"BoolValue\":false,\"IntValue\":1,\"FloatValue\":0.0,\"StringValue\":\"\",\"Protected\":false,\"FloatArrayValue\":[],\"IsSet\":false},{\"Name\":\"isNewCraftingRecipeTutorial_TechArmourRecipe\",\"SettingType\":0,\"Version\":0,\"BoolValue\":false,\"IntValue\":0,\"FloatValue\":0.0,\"StringValue\":\"\",\"Protected\":false,\"FloatArrayValue\":[],\"IsSet\":false},{\"Name\":\"isNewCraftingRecipeTutorial_TimeBombRecipe\",\"SettingType\":0,\"Version\":0,\"BoolValue\":false,\"IntValue\":0,\"FloatValue\":0.0,\"StringValue\":\"\",\"Protected\":false,\"FloatArrayValue\":[],\"IsSet\":false},{\"Name\":\"isNewItemInInventory_00000376\",\"SettingType\":0,\"Version\":0,\"BoolValue\":false,\"IntValue\":0,\"FloatValue\":0.0,\"StringValue\":\"\",\"Protected\":false,\"FloatArrayValue\":[],\"IsSet\":false},{\"Name\":\"seenFirstTimeEquip_00000355\",\"SettingType\":0,\"Version\":0,\"BoolValue\":true,\"IntValue\":0,\"FloatValue\":0.0,\"StringValue\":\"\",\"Protected\":false,\"FloatArrayValue\":[],\"IsSet\":false},{\"Name\":\"isNewItemInInventory_00000355\",\"SettingType\":0,\"Version\":0,\"BoolValue\":false,\"IntValue\":0,\"FloatValue\":0.0,\"StringValue\":\"\",\"Protected\":false,\"FloatArrayValue\":[],\"IsSet\":false},{\"Name\":\"isNewItemInInventory_00000529\",\"SettingType\":0,\"Version\":0,\"BoolValue\":false,\"IntValue\":0,\"FloatValue\":0.0,\"StringValue\":\"\",\"Protected\":false,\"FloatArrayValue\":[],\"IsSet\":false},{\"Name\":\"isNewItemInInventory_00000416\",\"SettingType\":0,\"Version\":0,\"BoolValue\":false,\"IntValue\":0,\"FloatValue\":0.0,\"StringValue\":\"\",\"Protected\":false,\"FloatArrayValue\":[],\"IsSet\":false},{\"Name\":\"isNewItemInInventory_00000507\",\"SettingType\":0,\"Version\":0,\"BoolValue\":false,\"IntValue\":0,\"FloatValue\":0.0,\"StringValue\":\"\",\"Protected\":false,\"FloatArrayValue\":[],\"IsSet\":false},{\"Name\":\"isNewItemInInventory_00000618\",\"SettingType\":0,\"Version\":0,\"BoolValue\":false,\"IntValue\":0,\"FloatValue\":0.0,\"StringValue\":\"\",\"Protected\":false,\"FloatArrayValue\":[],\"IsSet\":false},{\"Name\":\"isNewItemInInventory_00000438\",\"SettingType\":0,\"Version\":0,\"BoolValue\":false,\"IntValue\":0,\"FloatValue\":0.0,\"StringValue\":\"\",\"Protected\":false,\"FloatArrayValue\":[],\"IsSet\":false},{\"Name\":\"isNewItemInInventory_00000466\",\"SettingType\":0,\"Version\":0,\"BoolValue\":false,\"IntValue\":0,\"FloatValue\":0.0,\"StringValue\":\"\",\"Protected\":false,\"FloatArrayValue\":[],\"IsSet\":false},{\"Name\":\"consumed.00000466\",\"SettingType\":1,\"Version\":0,\"BoolValue\":false,\"IntValue\":3,\"FloatValue\":0.0,\"StringValue\":\"\",\"Protected\":false,\"FloatArrayValue\":[],\"IsSet\":false},{\"Name\":\"consumed.00000439\",\"SettingType\":1,\"Version\":0,\"BoolValue\":false,\"IntValue\":4,\"FloatValue\":0.0,\"StringValue\":\"\",\"Protected\":false,\"FloatArrayValue\":[],\"IsSet\":false},{\"Name\":\"crafted.00000418\",\"SettingType\":1,\"Version\":0,\"BoolValue\":false,\"IntValue\":4,\"FloatValue\":0.0,\"StringValue\":\"\",\"Protected\":false,\"FloatArrayValue\":[],\"IsSet\":false},{\"Name\":\"isNewItemInInventory_00000421\",\"SettingType\":0,\"Version\":0,\"BoolValue\":false,\"IntValue\":0,\"FloatValue\":0.0,\"StringValue\":\"\",\"Protected\":false,\"FloatArrayValue\":[],\"IsSet\":false},{\"Name\":\"seenFirstTimeEquip_00000480\",\"SettingType\":0,\"Version\":0,\"BoolValue\":true,\"IntValue\":0,\"FloatValue\":0.0,\"StringValue\":\"\",\"Protected\":false,\"FloatArrayValue\":[],\"IsSet\":false},{\"Name\":\"isNewItemInInventory_00000356\",\"SettingType\":0,\"Version\":0,\"BoolValue\":false,\"IntValue\":0,\"FloatValue\":0.0,\"StringValue\":\"\",\"Protected\":false,\"FloatArrayValue\":[],\"IsSet\":false},{\"Name\":\"seenFirstTimeEquip_00000356\",\"SettingType\":0,\"Version\":0,\"BoolValue\":true,\"IntValue\":0,\"FloatValue\":0.0,\"StringValue\":\"\",\"Protected\":false,\"FloatArrayValue\":[],\"IsSet\":false},{\"Name\":\"isNewCraftingRecipeTutorial_FlashlightRechargeRecipe\",\"SettingType\":0,\"Version\":0,\"BoolValue\":false,\"IntValue\":0,\"FloatValue\":0.0,\"StringValue\":\"\",\"Protected\":false,\"FloatArrayValue\":[],\"IsSet\":false},{\"Name\":\"isNewItemInInventory_00000471\",\"SettingType\":0,\"Version\":0,\"BoolValue\":false,\"IntValue\":0,\"FloatValue\":0.0,\"StringValue\":\"\",\"Protected\":false,\"FloatArrayValue\":[],\"IsSet\":false},{\"Name\":\"isNewCraftingRecipeTutorial_EnergyMixPlusRecipe\",\"SettingType\":0,\"Version\":0,\"BoolValue\":false,\"IntValue\":0,\"FloatValue\":0.0,\"StringValue\":\"\",\"Protected\":false,\"FloatArrayValue\":[],\"IsSet\":false},{\"Name\":\"crafted.00000554\",\"SettingType\":1,\"Version\":0,\"BoolValue\":false,\"IntValue\":1,\"FloatValue\":0.0,\"StringValue\":\"\",\"Protected\":false,\"FloatArrayValue\":[],\"IsSet\":false},{\"Name\":\"isNewCraftingRecipe_TechArmourRecipe\",\"SettingType\":0,\"Version\":0,\"BoolValue\":false,\"IntValue\":0,\"FloatValue\":0.0,\"StringValue\":\"\",\"Protected\":false,\"FloatArrayValue\":[],\"IsSet\":false},{\"Name\":\"isNewItemInInventory_00000502\",\"SettingType\":0,\"Version\":0,\"BoolValue\":false,\"IntValue\":0,\"FloatValue\":0.0,\"StringValue\":\"\",\"Protected\":false,\"FloatArrayValue\":[],\"IsSet\":false},{\"Name\":\"isNewItemInInventory_00000465\",\"SettingType\":0,\"Version\":0,\"BoolValue\":false,\"IntValue\":0,\"FloatValue\":0.0,\"StringValue\":\"\",\"Protected\":false,\"FloatArrayValue\":[],\"IsSet\":false},{\"Name\":\"hasOwned_00000444\",\"SettingType\":0,\"Version\":0,\"BoolValue\":true,\"IntValue\":0,\"FloatValue\":0.0,\"StringValue\":\"\",\"Protected\":false,\"FloatArrayValue\":[],\"IsSet\":false},{\"Name\":\"seenFirstTimeEquip_00000444\",\"SettingType\":0,\"Version\":0,\"BoolValue\":true,\"IntValue\":0,\"FloatValue\":0.0,\"StringValue\":\"\",\"Protected\":false,\"FloatArrayValue\":[],\"IsSet\":false},{\"Name\":\"consumed.00000438\",\"SettingType\":1,\"Version\":0,\"BoolValue\":false,\"IntValue\":2,\"FloatValue\":0.0,\"StringValue\":\"\",\"Protected\":false,\"FloatArrayValue\":[],\"IsSet\":false},{\"Name\":\"isNewItemInInventory_00000444\",\"SettingType\":0,\"Version\":0,\"BoolValue\":false,\"IntValue\":0,\"FloatValue\":0.0,\"StringValue\":\"\",\"Protected\":false,\"FloatArrayValue\":[],\"IsSet\":false},{\"Name\":\"isNewItemInInventory_00000506\",\"SettingType\":0,\"Version\":0,\"BoolValue\":false,\"IntValue\":0,\"FloatValue\":0.0,\"StringValue\":\"\",\"Protected\":false,\"FloatArrayValue\":[],\"IsSet\":false},{\"Name\":\"isNewItemInInventory_00000353\",\"SettingType\":0,\"Version\":0,\"BoolValue\":false,\"IntValue\":0,\"FloatValue\":0.0,\"StringValue\":\"\",\"Protected\":false,\"FloatArrayValue\":[],\"IsSet\":false},{\"Name\":\"isNewItemInInventory_00000459\",\"SettingType\":0,\"Version\":0,\"BoolValue\":false,\"IntValue\":0,\"FloatValue\":0.0,\"StringValue\":\"\",\"Protected\":false,\"FloatArrayValue\":[],\"IsSet\":false},{\"Name\":\"isNewItemInInventory_00000570\",\"SettingType\":0,\"Version\":0,\"BoolValue\":false,\"IntValue\":0,\"FloatValue\":0.0,\"StringValue\":\"\",\"Protected\":false,\"FloatArrayValue\":[],\"IsSet\":false},{\"Name\":\"consumed.00000570\",\"SettingType\":1,\"Version\":0,\"BoolValue\":false,\"IntValue\":3,\"FloatValue\":0.0,\"StringValue\":\"\",\"Protected\":false,\"FloatArrayValue\":[],\"IsSet\":false},{\"Name\":\"isNewItemInInventory_00000569\",\"SettingType\":0,\"Version\":0,\"BoolValue\":false,\"IntValue\":0,\"FloatValue\":0.0,\"StringValue\":\"\",\"Protected\":false,\"FloatArrayValue\":[],\"IsSet\":false},{\"Name\":\"isNewItemInInventory_00000571\",\"SettingType\":0,\"Version\":0,\"BoolValue\":false,\"IntValue\":0,\"FloatValue\":0.0,\"StringValue\":\"\",\"Protected\":false,\"FloatArrayValue\":[],\"IsSet\":false},{\"Name\":\"seenFirstTimeEquip_00000417\",\"SettingType\":0,\"Version\":0,\"BoolValue\":true,\"IntValue\":0,\"FloatValue\":0.0,\"StringValue\":\"\",\"Protected\":false,\"FloatArrayValue\":[],\"IsSet\":false},{\"Name\":\"isNewItemInInventory_00000378\",\"SettingType\":0,\"Version\":0,\"BoolValue\":false,\"IntValue\":0,\"FloatValue\":0.0,\"StringValue\":\"\",\"Protected\":false,\"FloatArrayValue\":[],\"IsSet\":false},{\"Name\":\"crafted.00000355\",\"SettingType\":1,\"Version\":0,\"BoolValue\":false,\"IntValue\":3,\"FloatValue\":0.0,\"StringValue\":\"\",\"Protected\":false,\"FloatArrayValue\":[],\"IsSet\":false},{\"Name\":\"isNewCraftingRecipe_CompactPistolRailModRecipe\",\"SettingType\":0,\"Version\":0,\"BoolValue\":false,\"IntValue\":0,\"FloatValue\":0.0,\"StringValue\":\"\",\"Protected\":false,\"FloatArrayValue\":[],\"IsSet\":false},{\"Name\":\"isNewCraftingRecipe_CompactPistolFlashlightModRecipe\",\"SettingType\":0,\"Version\":0,\"BoolValue\":false,\"IntValue\":0,\"FloatValue\":0.0,\"StringValue\":\"\",\"Protected\":false,\"FloatArrayValue\":[],\"IsSet\":false},{\"Name\":\"isNewItemInInventory_00000485\",\"SettingType\":0,\"Version\":0,\"BoolValue\":false,\"IntValue\":0,\"FloatValue\":0.0,\"StringValue\":\"\",\"Protected\":false,\"FloatArrayValue\":[],\"IsSet\":false},{\"Name\":\"hasOwned_00000492\",\"SettingType\":0,\"Version\":0,\"BoolValue\":true,\"IntValue\":0,\"FloatValue\":0.0,\"StringValue\":\"\",\"Protected\":false,\"FloatArrayValue\":[],\"IsSet\":false},{\"Name\":\"isNewItemInInventory_00000492\",\"SettingType\":0,\"Version\":0,\"BoolValue\":false,\"IntValue\":0,\"FloatValue\":0.0,\"StringValue\":\"\",\"Protected\":false,\"FloatArrayValue\":[],\"IsSet\":false},{\"Name\":\"hasOwned_00000495\",\"SettingType\":0,\"Version\":0,\"BoolValue\":true,\"IntValue\":0,\"FloatValue\":0.0,\"StringValue\":\"\",\"Protected\":false,\"FloatArrayValue\":[],\"IsSet\":false},{\"Name\":\"hasOwned_00000489\",\"SettingType\":0,\"Version\":0,\"BoolValue\":true,\"IntValue\":0,\"FloatValue\":0.0,\"StringValue\":\"\",\"Protected\":false,\"FloatArrayValue\":[],\"IsSet\":false},{\"Name\":\"hasOwned_00000501\",\"SettingType\":0,\"Version\":0,\"BoolValue\":true,\"IntValue\":0,\"FloatValue\":0.0,\"StringValue\":\"\",\"Protected\":false,\"FloatArrayValue\":[],\"IsSet\":false},{\"Name\":\"seenFirstTimeEquip_00000566\",\"SettingType\":0,\"Version\":0,\"BoolValue\":true,\"IntValue\":0,\"FloatValue\":0.0,\"StringValue\":\"\",\"Protected\":false,\"FloatArrayValue\":[],\"IsSet\":false},{\"Name\":\"isNewItemInInventory_00000601\",\"SettingType\":0,\"Version\":0,\"BoolValue\":false,\"IntValue\":0,\"FloatValue\":0.0,\"StringValue\":\"\",\"Protected\":false,\"FloatArrayValue\":[],\"IsSet\":false},{\"Name\":\"isNewItemInInventory_00000605\",\"SettingType\":0,\"Version\":0,\"BoolValue\":false,\"IntValue\":0,\"FloatValue\":0.0,\"StringValue\":\"\",\"Protected\":false,\"FloatArrayValue\":[],\"IsSet\":false},{\"Name\":\"isNewItemInInventory_00000469\",\"SettingType\":0,\"Version\":0,\"BoolValue\":false,\"IntValue\":0,\"FloatValue\":0.0,\"StringValue\":\"\",\"Protected\":false,\"FloatArrayValue\":[],\"IsSet\":false},{\"Name\":\"consumed.00000425\",\"SettingType\":1,\"Version\":0,\"BoolValue\":false,\"IntValue\":2,\"FloatValue\":0.0,\"StringValue\":\"\",\"Protected\":false,\"FloatArrayValue\":[],\"IsSet\":false},{\"Name\":\"isNewItemInInventory_00000431\",\"SettingType\":0,\"Version\":0,\"BoolValue\":false,\"IntValue\":0,\"FloatValue\":0.0,\"StringValue\":\"\",\"Protected\":false,\"FloatArrayValue\":[],\"IsSet\":false},{\"Name\":\"isNewItemInInventory_00000426\",\"SettingType\":0,\"Version\":0,\"BoolValue\":false,\"IntValue\":0,\"FloatValue\":0.0,\"StringValue\":\"\",\"Protected\":false,\"FloatArrayValue\":[],\"IsSet\":false},{\"Name\":\"isNewItemInInventory_00000364\",\"SettingType\":0,\"Version\":0,\"BoolValue\":false,\"IntValue\":0,\"FloatValue\":0.0,\"StringValue\":\"\",\"Protected\":false,\"FloatArrayValue\":[],\"IsSet\":false},{\"Name\":\"seenFirstTimeEquip_00000459\",\"SettingType\":0,\"Version\":0,\"BoolValue\":true,\"IntValue\":0,\"FloatValue\":0.0,\"StringValue\":\"\",\"Protected\":false,\"FloatArrayValue\":[],\"IsSet\":false},{\"Name\":\"isNewItemInInventory_00000428\",\"SettingType\":0,\"Version\":0,\"BoolValue\":false,\"IntValue\":0,\"FloatValue\":0.0,\"StringValue\":\"\",\"Protected\":false,\"FloatArrayValue\":[],\"IsSet\":false},{\"Name\":\"isNewItemInInventory_00000467\",\"SettingType\":0,\"Version\":0,\"BoolValue\":false,\"IntValue\":0,\"FloatValue\":0.0,\"StringValue\":\"\",\"Protected\":false,\"FloatArrayValue\":[],\"IsSet\":false},{\"Name\":\"isNewItemInInventory_00000447\",\"SettingType\":0,\"Version\":0,\"BoolValue\":false,\"IntValue\":0,\"FloatValue\":0.0,\"StringValue\":\"\",\"Protected\":false,\"FloatArrayValue\":[],\"IsSet\":false},{\"Name\":\"isNewItemInInventory_00000599\",\"SettingType\":0,\"Version\":0,\"BoolValue\":false,\"IntValue\":0,\"FloatValue\":0.0,\"StringValue\":\"\",\"Protected\":false,\"FloatArrayValue\":[],\"IsSet\":false},{\"Name\":\"seenFirstTimeEquip_00000431\",\"SettingType\":0,\"Version\":0,\"BoolValue\":true,\"IntValue\":0,\"FloatValue\":0.0,\"StringValue\":\"\",\"Protected\":false,\"FloatArrayValue\":[],\"IsSet\":false},{\"Name\":\"isNewItemInInventory_00000375\",\"SettingType\":0,\"Version\":0,\"BoolValue\":false,\"IntValue\":0,\"FloatValue\":0.0,\"StringValue\":\"\",\"Protected\":false,\"FloatArrayValue\":[],\"IsSet\":false},{\"Name\":\"isNewCraftingRecipe_CompactPistolLaserSightModRecipe\",\"SettingType\":0,\"Version\":0,\"BoolValue\":false,\"IntValue\":0,\"FloatValue\":0.0,\"StringValue\":\"\",\"Protected\":false,\"FloatArrayValue\":[],\"IsSet\":false},{\"Name\":\"seenFirstTimeEquip_00000358\",\"SettingType\":0,\"Version\":0,\"BoolValue\":true,\"IntValue\":0,\"FloatValue\":0.0,\"StringValue\":\"\",\"Protected\":false,\"FloatArrayValue\":[],\"IsSet\":false},{\"Name\":\"isNewItemInInventory_00000358\",\"SettingType\":0,\"Version\":0,\"BoolValue\":false,\"IntValue\":0,\"FloatValue\":0.0,\"StringValue\":\"\",\"Protected\":false,\"FloatArrayValue\":[],\"IsSet\":false},{\"Name\":\"ShowMissingPufftonsTutorial\",\"SettingType\":0,\"Version\":0,\"BoolValue\":false,\"IntValue\":0,\"FloatValue\":0.0,\"StringValue\":\"\",\"Protected\":false,\"FloatArrayValue\":[],\"IsSet\":false},{\"Name\":\"consumed.00000571\",\"SettingType\":1,\"Version\":0,\"BoolValue\":false,\"IntValue\":2,\"FloatValue\":0.0,\"StringValue\":\"\",\"Protected\":false,\"FloatArrayValue\":[],\"IsSet\":false},{\"Name\":\"consumed.00000569\",\"SettingType\":1,\"Version\":0,\"BoolValue\":false,\"IntValue\":1,\"FloatValue\":0.0,\"StringValue\":\"\",\"Protected\":false,\"FloatArrayValue\":[],\"IsSet\":false},{\"Name\":\"consumed.00000445\",\"SettingType\":1,\"Version\":0,\"BoolValue\":false,\"IntValue\":5,\"FloatValue\":0.0,\"StringValue\":\"\",\"Protected\":false,\"FloatArrayValue\":[],\"IsSet\":false},{\"Name\":\"crafted.00000388\",\"SettingType\":1,\"Version\":0,\"BoolValue\":false,\"IntValue\":6,\"FloatValue\":0.0,\"StringValue\":\"\",\"Protected\":false,\"FloatArrayValue\":[],\"IsSet\":false},{\"Name\":\"isNewCraftingRecipe_MolotovRecipe\",\"SettingType\":0,\"Version\":0,\"BoolValue\":false,\"IntValue\":0,\"FloatValue\":0.0,\"StringValue\":\"\",\"Protected\":false,\"FloatArrayValue\":[],\"IsSet\":false},{\"Name\":\"isNewItemInInventory_00000388\",\"SettingType\":0,\"Version\":0,\"BoolValue\":false,\"IntValue\":0,\"FloatValue\":0.0,\"StringValue\":\"\",\"Protected\":false,\"FloatArrayValue\":[],\"IsSet\":false},{\"Name\":\"seenFirstTimeEquip_00000388\",\"SettingType\":0,\"Version\":0,\"BoolValue\":true,\"IntValue\":0,\"FloatValue\":0.0,\"StringValue\":\"\",\"Protected\":false,\"FloatArrayValue\":[],\"IsSet\":false},{\"Name\":\"DoneBuildFireTutorial\",\"SettingType\":0,\"Version\":0,\"BoolValue\":true,\"IntValue\":0,\"FloatValue\":0.0,\"StringValue\":\"\",\"Protected\":false,\"FloatArrayValue\":[],\"IsSet\":false},{\"Name\":\"seenFirstTimeEquip_00000428\",\"SettingType\":0,\"Version\":0,\"BoolValue\":true,\"IntValue\":0,\"FloatValue\":0.0,\"StringValue\":\"\",\"Protected\":false,\"FloatArrayValue\":[],\"IsSet\":false},{\"Name\":\"consumed.00000426\",\"SettingType\":1,\"Version\":0,\"BoolValue\":false,\"IntValue\":4,\"FloatValue\":0.0,\"StringValue\":\"\",\"Protected\":false,\"FloatArrayValue\":[],\"IsSet\":false},{\"Name\":\"seenFirstTimeEquip_00000365\",\"SettingType\":0,\"Version\":0,\"BoolValue\":true,\"IntValue\":0,\"FloatValue\":0.0,\"StringValue\":\"\",\"Protected\":false,\"FloatArrayValue\":[],\"IsSet\":false},{\"Name\":\"seenFirstTimeEquip_00000568\",\"SettingType\":0,\"Version\":0,\"BoolValue\":true,\"IntValue\":0,\"FloatValue\":0.0,\"StringValue\":\"\",\"Protected\":false,\"FloatArrayValue\":[],\"IsSet\":false},{\"Name\":\"isNewItemInInventory_00000568\",\"SettingType\":0,\"Version\":0,\"BoolValue\":false,\"IntValue\":0,\"FloatValue\":0.0,\"StringValue\":\"\",\"Protected\":false,\"FloatArrayValue\":[],\"IsSet\":false},{\"Name\":\"isNewItemInInventory_00000462\",\"SettingType\":0,\"Version\":0,\"BoolValue\":false,\"IntValue\":0,\"FloatValue\":0.0,\"StringValue\":\"\",\"Protected\":false,\"FloatArrayValue\":[],\"IsSet\":false},{\"Name\":\"crafted.00000462\",\"SettingType\":1,\"Version\":0,\"BoolValue\":false,\"IntValue\":1,\"FloatValue\":0.0,\"StringValue\":\"\",\"Protected\":false,\"FloatArrayValue\":[],\"IsSet\":false},{\"Name\":\"isNewCraftingRecipe_EnergyMixPlusRecipe\",\"SettingType\":0,\"Version\":0,\"BoolValue\":false,\"IntValue\":0,\"FloatValue\":0.0,\"StringValue\":\"\",\"Protected\":false,\"FloatArrayValue\":[],\"IsSet\":false},{\"Name\":\"seenFirstTimeEquip_00000353\",\"SettingType\":0,\"Version\":0,\"BoolValue\":true,\"IntValue\":0,\"FloatValue\":0.0,\"StringValue\":\"\",\"Protected\":false,\"FloatArrayValue\":[],\"IsSet\":false},{\"Name\":\"hasOwned_00000555\",\"SettingType\":0,\"Version\":0,\"BoolValue\":true,\"IntValue\":0,\"FloatValue\":0.0,\"StringValue\":\"\",\"Protected\":false,\"FloatArrayValue\":[],\"IsSet\":false},{\"Name\":\"seenFirstTimeEquip_00000340\",\"SettingType\":0,\"Version\":0,\"BoolValue\":true,\"IntValue\":0,\"FloatValue\":0.0,\"StringValue\":\"\",\"Protected\":false,\"FloatArrayValue\":[],\"IsSet\":false},{\"Name\":\"isNewItemInInventory_00000365\",\"SettingType\":0,\"Version\":0,\"BoolValue\":false,\"IntValue\":0,\"FloatValue\":0.0,\"StringValue\":\"\",\"Protected\":false,\"FloatArrayValue\":[],\"IsSet\":false},{\"Name\":\"isNewItemInInventory_00000423\",\"SettingType\":0,\"Version\":0,\"BoolValue\":false,\"IntValue\":0,\"FloatValue\":0.0,\"StringValue\":\"\",\"Protected\":false,\"FloatArrayValue\":[],\"IsSet\":false},{\"Name\":\"isNewItemInInventory_00000340\",\"SettingType\":0,\"Version\":0,\"BoolValue\":false,\"IntValue\":0,\"FloatValue\":0.0,\"StringValue\":\"\",\"Protected\":false,\"FloatArrayValue\":[],\"IsSet\":false},{\"Name\":\"seenFirstTimeEquip_00000567\",\"SettingType\":0,\"Version\":0,\"BoolValue\":true,\"IntValue\":0,\"FloatValue\":0.0,\"StringValue\":\"\",\"Protected\":false,\"FloatArrayValue\":[],\"IsSet\":false},{\"Name\":\"isNewCraftingRecipeTutorial_ChainsawRechargeRecipe\",\"SettingType\":0,\"Version\":0,\"BoolValue\":false,\"IntValue\":0,\"FloatValue\":0.0,\"StringValue\":\"\",\"Protected\":false,\"FloatArrayValue\":[],\"IsSet\":false},{\"Name\":\"seenFirstTimeEquip_00000394\",\"SettingType\":0,\"Version\":0,\"BoolValue\":true,\"IntValue\":0,\"FloatValue\":0.0,\"StringValue\":\"\",\"Protected\":false,\"FloatArrayValue\":[],\"IsSet\":false},{\"Name\":\"isNewItemInInventory_00000567\",\"SettingType\":0,\"Version\":0,\"BoolValue\":false,\"IntValue\":0,\"FloatValue\":0.0,\"StringValue\":\"\",\"Protected\":false,\"FloatArrayValue\":[],\"IsSet\":false},{\"Name\":\"isNewItemInInventory_00000394\",\"SettingType\":0,\"Version\":0,\"BoolValue\":false,\"IntValue\":0,\"FloatValue\":0.0,\"StringValue\":\"\",\"Protected\":false,\"FloatArrayValue\":[],\"IsSet\":false},{\"Name\":\"isNewItemInInventory_00000369\",\"SettingType\":0,\"Version\":0,\"BoolValue\":false,\"IntValue\":0,\"FloatValue\":0.0,\"StringValue\":\"\",\"Protected\":false,\"FloatArrayValue\":[],\"IsSet\":false},{\"Name\":\"hasOwned_00000490\",\"SettingType\":0,\"Version\":0,\"BoolValue\":true,\"IntValue\":0,\"FloatValue\":0.0,\"StringValue\":\"\",\"Protected\":false,\"FloatArrayValue\":[],\"IsSet\":false},{\"Name\":\"consumed.00000480\",\"SettingType\":1,\"Version\":0,\"BoolValue\":false,\"IntValue\":1,\"FloatValue\":0.0,\"StringValue\":\"\",\"Protected\":false,\"FloatArrayValue\":[],\"IsSet\":false},{\"Name\":\"consumed.00000481\",\"SettingType\":1,\"Version\":0,\"BoolValue\":false,\"IntValue\":1,\"FloatValue\":0.0,\"StringValue\":\"\",\"Protected\":false,\"FloatArrayValue\":[],\"IsSet\":false}],\"NamedInts\":null}"}}