{"Version":"0.0.0","Data":{"ScrewStructureInstances":"{\"_structures\":[{\"Id\":47,\"Pos\":{\"x\":-945.188354,\"y\":115.661171,\"z\":27.7688122},\"Rot\":{\"x\":0.12608251,\"y\":0.0,\"z\":-0.03447374,\"w\":0.9914206},\"Storages\":[]},{\"Id\":40,\"Pos\":{\"x\":-935.625732,\"y\":115.061462,\"z\":31.0867348},\"Rot\":{\"x\":0.0,\"y\":-0.565120637,\"z\":0.0,\"w\":0.8250083},\"Storages\":[]},{\"Id\":29,\"Pos\":{\"x\":-937.7473,\"y\":115.37468,\"z\":26.73826},\"Rot\":{\"x\":0.03515567,\"y\":0.0,\"z\":-0.0354417525,\"w\":0.99875325},\"Storages\":[{\"Version\":\"0.0.0\",\"ItemBlocks\":[{\"ItemId\":392,\"TotalCount\":100,\"UniqueItems\":[{\"Modules\":[{\"ChannelWeights\":{\"x\":0.0,\"y\":0.0,\"z\":0.0,\"w\":1.0},\"Version\":\"0.0.0\",\"ModuleId\":0}]},{\"Modules\":[{\"ChannelWeights\":{\"x\":0.0,\"y\":0.0,\"z\":0.0,\"w\":1.0},\"Version\":\"0.0.0\",\"ModuleId\":0}]},{\"Modules\":[{\"ChannelWeights\":{\"x\":0.0,\"y\":0.0,\"z\":0.0,\"w\":1.0},\"Version\":\"0.0.0\",\"ModuleId\":0}]},{\"Modules\":[{\"ChannelWeights\":{\"x\":0.0,\"y\":0.0,\"z\":0.0,\"w\":1.0},\"Version\":\"0.0.0\",\"ModuleId\":0}]},{\"Modules\":[{\"ChannelWeights\":{\"x\":0.0,\"y\":0.0,\"z\":0.0,\"w\":1.0},\"Version\":\"0.0.0\",\"ModuleId\":0}]},{\"Modules\":[{\"ChannelWeights\":{\"x\":0.0,\"y\":0.0,\"z\":0.0,\"w\":1.0},\"Version\":\"0.0.0\",\"ModuleId\":0}]},{\"Modules\":[{\"ChannelWeights\":{\"x\":0.0,\"y\":0.0,\"z\":0.0,\"w\":1.0},\"Version\":\"0.0.0\",\"ModuleId\":0}]},{\"Modules\":[{\"ChannelWeights\":{\"x\":0.0,\"y\":0.0,\"z\":0.0,\"w\":1.0},\"Version\":\"0.0.0\",\"ModuleId\":0}]},{\"Modules\":[{\"ChannelWeights\":{\"x\":0.0,\"y\":0.0,\"z\":0.0,\"w\":1.0},\"Version\":\"0.0.0\",\"ModuleId\":0}]},{\"Modules\":[{\"ChannelWeights\":{\"x\":0.0,\"y\":0.0,\"z\":0.0,\"w\":1.0},\"Version\":\"0.0.0\",\"ModuleId\":0}]},{\"Modules\":[{\"ChannelWeights\":{\"x\":0.0,\"y\":0.0,\"z\":0.0,\"w\":1.0},\"Version\":\"0.0.0\",\"ModuleId\":0}]},{\"Modules\":[{\"ChannelWeights\":{\"x\":0.0,\"y\":0.0,\"z\":0.0,\"w\":1.0},\"Version\":\"0.0.0\",\"ModuleId\":0}]},{\"Modules\":[{\"ChannelWeights\":{\"x\":0.0,\"y\":0.0,\"z\":0.0,\"w\":1.0},\"Version\":\"0.0.0\",\"ModuleId\":0}]},{\"Modules\":[{\"ChannelWeights\":{\"x\":0.0,\"y\":0.0,\"z\":0.0,\"w\":1.0},\"Version\":\"0.0.0\",\"ModuleId\":0}]},{\"Modules\":[{\"ChannelWeights\":{\"x\":0.0,\"y\":0.0,\"z\":0.0,\"w\":1.0},\"Version\":\"0.0.0\",\"ModuleId\":0}]},{\"Modules\":[{\"ChannelWeights\":{\"x\":0.0,\"y\":0.0,\"z\":0.0,\"w\":1.0},\"Version\":\"0.0.0\",\"ModuleId\":0}]},{\"Modules\":[{\"ChannelWeights\":{\"x\":0.0,\"y\":0.0,\"z\":0.0,\"w\":1.0},\"Version\":\"0.0.0\",\"ModuleId\":0}]},{\"Modules\":[{\"ChannelWeights\":{\"x\":0.0,\"y\":0.0,\"z\":0.0,\"w\":1.0},\"Version\":\"0.0.0\",\"ModuleId\":0}]},{\"Modules\":[{\"ChannelWeights\":{\"x\":0.0,\"y\":0.0,\"z\":0.0,\"w\":1.0},\"Version\":\"0.0.0\",\"ModuleId\":0}]},{\"Modules\":[{\"ChannelWeights\":{\"x\":0.0,\"y\":0.0,\"z\":0.0,\"w\":1.0},\"Version\":\"0.0.0\",\"ModuleId\":0}]},{\"Modules\":[{\"ChannelWeights\":{\"x\":0.0,\"y\":0.0,\"z\":0.0,\"w\":1.0},\"Version\":\"0.0.0\",\"ModuleId\":0}]},{\"Modules\":[{\"ChannelWeights\":{\"x\":0.0,\"y\":0.0,\"z\":0.0,\"w\":1.0},\"Version\":\"0.0.0\",\"ModuleId\":0}]},{\"Modules\":[{\"ChannelWeights\":{\"x\":0.0,\"y\":0.0,\"z\":0.0,\"w\":0.0},\"Version\":\"0.0.0\",\"ModuleId\":0}]},{\"Modules\":[{\"ChannelWeights\":{\"x\":0.0,\"y\":0.0,\"z\":0.0,\"w\":0.0},\"Version\":\"0.0.0\",\"ModuleId\":0}]},{\"Modules\":[{\"ChannelWeights\":{\"x\":0.0,\"y\":0.0,\"z\":0.0,\"w\":0.0},\"Version\":\"0.0.0\",\"ModuleId\":0}]},{\"Modules\":[{\"ChannelWeights\":{\"x\":0.0,\"y\":0.0,\"z\":0.0,\"w\":0.0},\"Version\":\"0.0.0\",\"ModuleId\":0}]},{\"Modules\":[{\"ChannelWeights\":{\"x\":0.0,\"y\":0.0,\"z\":0.0,\"w\":0.0},\"Version\":\"0.0.0\",\"ModuleId\":0}]},{\"Modules\":[{\"ChannelWeights\":{\"x\":0.0,\"y\":0.0,\"z\":0.0,\"w\":0.0},\"Version\":\"0.0.0\",\"ModuleId\":0}]},{\"Modules\":[{\"ChannelWeights\":{\"x\":0.0,\"y\":0.0,\"z\":0.0,\"w\":0.0},\"Version\":\"0.0.0\",\"ModuleId\":0}]},{\"Modules\":[{\"ChannelWeights\":{\"x\":0.0,\"y\":0.0,\"z\":0.0,\"w\":0.0},\"Version\":\"0.0.0\",\"ModuleId\":0}]},{\"Modules\":[{\"ChannelWeights\":{\"x\":0.0,\"y\":0.0,\"z\":0.0,\"w\":0.0},\"Version\":\"0.0.0\",\"ModuleId\":0}]},{\"Modules\":[{\"ChannelWeights\":{\"x\":0.0,\"y\":0.0,\"z\":0.0,\"w\":0.0},\"Version\":\"0.0.0\",\"ModuleId\":0}]},{\"Modules\":[{\"ChannelWeights\":{\"x\":0.0,\"y\":0.0,\"z\":0.0,\"w\":0.0},\"Version\":\"0.0.0\",\"ModuleId\":0}]},{\"Modules\":[{\"ChannelWeights\":{\"x\":0.0,\"y\":0.0,\"z\":0.0,\"w\":0.0},\"Version\":\"0.0.0\",\"ModuleId\":0}]},{\"Modules\":[{\"ChannelWeights\":{\"x\":0.0,\"y\":0.0,\"z\":0.0,\"w\":0.0},\"Version\":\"0.0.0\",\"ModuleId\":0}]},{\"Modules\":[{\"ChannelWeights\":{\"x\":0.0,\"y\":0.0,\"z\":0.0,\"w\":1.0},\"Version\":\"0.0.0\",\"ModuleId\":0}]},{\"Modules\":[{\"ChannelWeights\":{\"x\":0.0,\"y\":0.0,\"z\":0.0,\"w\":1.0},\"Version\":\"0.0.0\",\"ModuleId\":0}]},{\"Modules\":[{\"ChannelWeights\":{\"x\":0.0,\"y\":0.0,\"z\":0.0,\"w\":1.0},\"Version\":\"0.0.0\",\"ModuleId\":0}]},{\"Modules\":[{\"ChannelWeights\":{\"x\":0.0,\"y\":0.0,\"z\":0.0,\"w\":1.0},\"Version\":\"0.0.0\",\"ModuleId\":0}]},{\"Modules\":[{\"ChannelWeights\":{\"x\":0.0,\"y\":0.0,\"z\":0.0,\"w\":1.0},\"Version\":\"0.0.0\",\"ModuleId\":0}]},{\"Modules\":[{\"ChannelWeights\":{\"x\":0.0,\"y\":0.0,\"z\":0.0,\"w\":1.0},\"Version\":\"0.0.0\",\"ModuleId\":0}]},{\"Modules\":[{\"ChannelWeights\":{\"x\":0.0,\"y\":0.0,\"z\":0.0,\"w\":1.0},\"Version\":\"0.0.0\",\"ModuleId\":0}]},{\"Modules\":[{\"ChannelWeights\":{\"x\":0.0,\"y\":0.0,\"z\":0.0,\"w\":1.0},\"Version\":\"0.0.0\",\"ModuleId\":0}]},{\"Modules\":[{\"ChannelWeights\":{\"x\":0.0,\"y\":0.0,\"z\":0.0,\"w\":1.0},\"Version\":\"0.0.0\",\"ModuleId\":0}]},{\"Modules\":[{\"ChannelWeights\":{\"x\":0.0,\"y\":0.0,\"z\":0.0,\"w\":1.0},\"Version\":\"0.0.0\",\"ModuleId\":0}]},{\"Modules\":[{\"ChannelWeights\":{\"x\":0.0,\"y\":0.0,\"z\":0.0,\"w\":1.0},\"Version\":\"0.0.0\",\"ModuleId\":0}]},{\"Modules\":[{\"ChannelWeights\":{\"x\":0.0,\"y\":0.0,\"z\":0.0,\"w\":1.0},\"Version\":\"0.0.0\",\"ModuleId\":0}]},{\"Modules\":[{\"ChannelWeights\":{\"x\":0.0,\"y\":0.0,\"z\":0.0,\"w\":1.0},\"Version\":\"0.0.0\",\"ModuleId\":0}]},{\"Modules\":[{\"ChannelWeights\":{\"x\":0.0,\"y\":0.0,\"z\":0.0,\"w\":0.0},\"Version\":\"0.0.0\",\"ModuleId\":0}]},{\"Modules\":[{\"ChannelWeights\":{\"x\":0.0,\"y\":0.0,\"z\":0.0,\"w\":0.0},\"Version\":\"0.0.0\",\"ModuleId\":0}]},{\"Modules\":[{\"ChannelWeights\":{\"x\":0.0,\"y\":0.0,\"z\":0.0,\"w\":0.0},\"Version\":\"0.0.0\",\"ModuleId\":0}]},{\"Modules\":[{\"ChannelWeights\":{\"x\":0.0,\"y\":0.0,\"z\":0.0,\"w\":0.0},\"Version\":\"0.0.0\",\"ModuleId\":0}]},{\"Modules\":[{\"ChannelWeights\":{\"x\":0.0,\"y\":0.0,\"z\":0.0,\"w\":0.0},\"Version\":\"0.0.0\",\"ModuleId\":0}]},{\"Modules\":[{\"ChannelWeights\":{\"x\":0.0,\"y\":0.0,\"z\":0.0,\"w\":0.0},\"Version\":\"0.0.0\",\"ModuleId\":0}]},{\"Modules\":[{\"ChannelWeights\":{\"x\":0.0,\"y\":0.0,\"z\":0.0,\"w\":1.0},\"Version\":\"0.0.0\",\"ModuleId\":0}]},{\"Modules\":[{\"ChannelWeights\":{\"x\":0.0,\"y\":0.0,\"z\":0.0,\"w\":1.0},\"Version\":\"0.0.0\",\"ModuleId\":0}]},{\"Modules\":[{\"ChannelWeights\":{\"x\":0.0,\"y\":0.0,\"z\":0.0,\"w\":1.0},\"Version\":\"0.0.0\",\"ModuleId\":0}]},{\"Modules\":[{\"ChannelWeights\":{\"x\":0.0,\"y\":0.0,\"z\":0.0,\"w\":1.0},\"Version\":\"0.0.0\",\"ModuleId\":0}]},{\"Modules\":[{\"ChannelWeights\":{\"x\":0.0,\"y\":0.0,\"z\":0.0,\"w\":1.0},\"Version\":\"0.0.0\",\"ModuleId\":0}]},{\"Modules\":[{\"ChannelWeights\":{\"x\":0.0,\"y\":0.0,\"z\":0.0,\"w\":1.0},\"Version\":\"0.0.0\",\"ModuleId\":0}]},{\"Modules\":[{\"ChannelWeights\":{\"x\":0.0,\"y\":0.0,\"z\":0.0,\"w\":1.0},\"Version\":\"0.0.0\",\"ModuleId\":0}]},{\"Modules\":[{\"ChannelWeights\":{\"x\":0.0,\"y\":0.0,\"z\":0.0,\"w\":1.0},\"Version\":\"0.0.0\",\"ModuleId\":0}]},{\"Modules\":[{\"ChannelWeights\":{\"x\":0.0,\"y\":0.0,\"z\":0.0,\"w\":1.0},\"Version\":\"0.0.0\",\"ModuleId\":0}]},{\"Modules\":[{\"ChannelWeights\":{\"x\":0.0,\"y\":0.0,\"z\":0.0,\"w\":1.0},\"Version\":\"0.0.0\",\"ModuleId\":0}]},{\"Modules\":[{\"ChannelWeights\":{\"x\":0.0,\"y\":0.0,\"z\":0.0,\"w\":1.0},\"Version\":\"0.0.0\",\"ModuleId\":0}]},{\"Modules\":[{\"ChannelWeights\":{\"x\":0.0,\"y\":0.0,\"z\":0.0,\"w\":1.0},\"Version\":\"0.0.0\",\"ModuleId\":0}]},{\"Modules\":[{\"ChannelWeights\":{\"x\":0.0,\"y\":0.0,\"z\":0.0,\"w\":1.0},\"Version\":\"0.0.0\",\"ModuleId\":0}]},{\"Modules\":[{\"ChannelWeights\":{\"x\":0.0,\"y\":0.0,\"z\":0.0,\"w\":1.0},\"Version\":\"0.0.0\",\"ModuleId\":0}]},{\"Modules\":[{\"ChannelWeights\":{\"x\":0.0,\"y\":0.0,\"z\":0.0,\"w\":1.0},\"Version\":\"0.0.0\",\"ModuleId\":0}]},{\"Modules\":[{\"ChannelWeights\":{\"x\":0.0,\"y\":0.0,\"z\":0.0,\"w\":1.0},\"Version\":\"0.0.0\",\"ModuleId\":0}]},{\"Modules\":[{\"ChannelWeights\":{\"x\":0.0,\"y\":0.0,\"z\":0.0,\"w\":1.0},\"Version\":\"0.0.0\",\"ModuleId\":0}]},{\"Modules\":[{\"ChannelWeights\":{\"x\":0.0,\"y\":0.0,\"z\":0.0,\"w\":1.0},\"Version\":\"0.0.0\",\"ModuleId\":0}]},{\"Modules\":[{\"ChannelWeights\":{\"x\":0.0,\"y\":0.0,\"z\":0.0,\"w\":1.0},\"Version\":\"0.0.0\",\"ModuleId\":0}]},{\"Modules\":[{\"ChannelWeights\":{\"x\":0.0,\"y\":0.0,\"z\":0.0,\"w\":1.0},\"Version\":\"0.0.0\",\"ModuleId\":0}]},{\"Modules\":[{\"ChannelWeights\":{\"x\":0.0,\"y\":0.0,\"z\":0.0,\"w\":1.0},\"Version\":\"0.0.0\",\"ModuleId\":0}]},{\"Modules\":[{\"ChannelWeights\":{\"x\":0.0,\"y\":0.0,\"z\":0.0,\"w\":1.0},\"Version\":\"0.0.0\",\"ModuleId\":0}]},{\"Modules\":[{\"ChannelWeights\":{\"x\":0.0,\"y\":0.0,\"z\":0.0,\"w\":1.0},\"Version\":\"0.0.0\",\"ModuleId\":0}]},{\"Modules\":[{\"ChannelWeights\":{\"x\":0.0,\"y\":0.0,\"z\":0.0,\"w\":1.0},\"Version\":\"0.0.0\",\"ModuleId\":0}]},{\"Modules\":[{\"ChannelWeights\":{\"x\":0.0,\"y\":0.0,\"z\":0.0,\"w\":1.0},\"Version\":\"0.0.0\",\"ModuleId\":0}]},{\"Modules\":[{\"ChannelWeights\":{\"x\":0.0,\"y\":0.0,\"z\":0.0,\"w\":1.0},\"Version\":\"0.0.0\",\"ModuleId\":0}]},{\"Modules\":[{\"ChannelWeights\":{\"x\":0.0,\"y\":0.0,\"z\":0.0,\"w\":1.0},\"Version\":\"0.0.0\",\"ModuleId\":0}]},{\"Modules\":[{\"ChannelWeights\":{\"x\":0.0,\"y\":0.0,\"z\":0.0,\"w\":0.0},\"Version\":\"0.0.0\",\"ModuleId\":0}]},{\"Modules\":[{\"ChannelWeights\":{\"x\":0.0,\"y\":0.0,\"z\":0.0,\"w\":0.0},\"Version\":\"0.0.0\",\"ModuleId\":0}]},{\"Modules\":[{\"ChannelWeights\":{\"x\":0.0,\"y\":0.0,\"z\":0.0,\"w\":0.0},\"Version\":\"0.0.0\",\"ModuleId\":0}]},{\"Modules\":[{\"ChannelWeights\":{\"x\":0.0,\"y\":0.0,\"z\":0.0,\"w\":0.0},\"Version\":\"0.0.0\",\"ModuleId\":0}]},{\"Modules\":[{\"ChannelWeights\":{\"x\":0.0,\"y\":0.0,\"z\":0.0,\"w\":0.0},\"Version\":\"0.0.0\",\"ModuleId\":0}]},{\"Modules\":[{\"ChannelWeights\":{\"x\":0.0,\"y\":0.0,\"z\":0.0,\"w\":0.0},\"Version\":\"0.0.0\",\"ModuleId\":0}]},{\"Modules\":[{\"ChannelWeights\":{\"x\":0.0,\"y\":0.0,\"z\":0.0,\"w\":0.0},\"Version\":\"0.0.0\",\"ModuleId\":0}]},{\"Modules\":[{\"ChannelWeights\":{\"x\":0.0,\"y\":0.0,\"z\":0.0,\"w\":0.0},\"Version\":\"0.0.0\",\"ModuleId\":0}]},{\"Modules\":[{\"ChannelWeights\":{\"x\":0.0,\"y\":0.0,\"z\":0.0,\"w\":0.0},\"Version\":\"0.0.0\",\"ModuleId\":0}]},{\"Modules\":[{\"ChannelWeights\":{\"x\":0.0,\"y\":0.0,\"z\":0.0,\"w\":0.0},\"Version\":\"0.0.0\",\"ModuleId\":0}]},{\"Modules\":[{\"ChannelWeights\":{\"x\":0.0,\"y\":0.0,\"z\":0.0,\"w\":0.0},\"Version\":\"0.0.0\",\"ModuleId\":0}]},{\"Modules\":[{\"ChannelWeights\":{\"x\":0.0,\"y\":0.0,\"z\":0.0,\"w\":0.0},\"Version\":\"0.0.0\",\"ModuleId\":0}]},{\"Modules\":[{\"ChannelWeights\":{\"x\":0.0,\"y\":0.0,\"z\":0.0,\"w\":0.0},\"Version\":\"0.0.0\",\"ModuleId\":0}]},{\"Modules\":[{\"ChannelWeights\":{\"x\":0.0,\"y\":0.0,\"z\":0.0,\"w\":0.0},\"Version\":\"0.0.0\",\"ModuleId\":0}]},{\"Modules\":[{\"ChannelWeights\":{\"x\":0.0,\"y\":0.0,\"z\":0.0,\"w\":0.0},\"Version\":\"0.0.0\",\"ModuleId\":0}]},{\"Modules\":[{\"ChannelWeights\":{\"x\":0.0,\"y\":0.0,\"z\":0.0,\"w\":0.0},\"Version\":\"0.0.0\",\"ModuleId\":0}]},{\"Modules\":[{\"ChannelWeights\":{\"x\":0.0,\"y\":0.0,\"z\":0.0,\"w\":0.0},\"Version\":\"0.0.0\",\"ModuleId\":0}]},{\"Modules\":[{\"ChannelWeights\":{\"x\":0.0,\"y\":0.0,\"z\":0.0,\"w\":0.0},\"Version\":\"0.0.0\",\"ModuleId\":0}]},{\"Modules\":[{\"ChannelWeights\":{\"x\":0.0,\"y\":0.0,\"z\":0.0,\"w\":0.0},\"Version\":\"0.0.0\",\"ModuleId\":0}]}]}]}]},{\"Id\":31,\"Pos\":{\"x\":-939.2448,\"y\":115.440849,\"z\":26.6073856},\"Rot\":{\"x\":0.02350633,\"y\":0.0,\"z\":-2.802597E-45,\"w\":0.999723732},\"Storages\":[{\"Version\":\"0.0.0\",\"ItemBlocks\":[{\"ItemId\":393,\"TotalCount\":63,\"UniqueItems\":[{\"Modules\":[{\"ChannelWeights\":{\"x\":0.0,\"y\":0.0,\"z\":0.0,\"w\":1.0},\"Version\":\"0.0.0\",\"ModuleId\":0}]},{\"Modules\":[{\"ChannelWeights\":{\"x\":0.0,\"y\":0.0,\"z\":0.0,\"w\":1.0},\"Version\":\"0.0.0\",\"ModuleId\":0}]},{\"Modules\":[{\"ChannelWeights\":{\"x\":0.0,\"y\":0.0,\"z\":0.0,\"w\":1.0},\"Version\":\"0.0.0\",\"ModuleId\":0}]},{\"Modules\":[{\"ChannelWeights\":{\"x\":0.0,\"y\":0.0,\"z\":0.0,\"w\":1.0},\"Version\":\"0.0.0\",\"ModuleId\":0}]},{\"Modules\":[{\"ChannelWeights\":{\"x\":0.0,\"y\":0.0,\"z\":0.0,\"w\":1.0},\"Version\":\"0.0.0\",\"ModuleId\":0}]},{\"Modules\":[{\"ChannelWeights\":{\"x\":0.0,\"y\":0.0,\"z\":0.0,\"w\":1.0},\"Version\":\"0.0.0\",\"ModuleId\":0}]},{\"Modules\":[{\"ChannelWeights\":{\"x\":0.0,\"y\":0.0,\"z\":0.0,\"w\":1.0},\"Version\":\"0.0.0\",\"ModuleId\":0}]},{\"Modules\":[{\"ChannelWeights\":{\"x\":0.0,\"y\":0.0,\"z\":0.0,\"w\":0.0},\"Version\":\"0.0.0\",\"ModuleId\":0}]},{\"Modules\":[{\"ChannelWeights\":{\"x\":0.0,\"y\":0.0,\"z\":0.0,\"w\":0.0},\"Version\":\"0.0.0\",\"ModuleId\":0}]},{\"Modules\":[{\"ChannelWeights\":{\"x\":0.0,\"y\":0.0,\"z\":0.0,\"w\":0.0},\"Version\":\"0.0.0\",\"ModuleId\":0}]},{\"Modules\":[{\"ChannelWeights\":{\"x\":0.0,\"y\":0.0,\"z\":0.0,\"w\":0.0},\"Version\":\"0.0.0\",\"ModuleId\":0}]},{\"Modules\":[{\"ChannelWeights\":{\"x\":0.0,\"y\":0.0,\"z\":0.0,\"w\":0.0},\"Version\":\"0.0.0\",\"ModuleId\":0}]},{\"Modules\":[{\"ChannelWeights\":{\"x\":0.0,\"y\":0.0,\"z\":0.0,\"w\":0.0},\"Version\":\"0.0.0\",\"ModuleId\":0}]},{\"Modules\":[{\"ChannelWeights\":{\"x\":0.0,\"y\":0.0,\"z\":0.0,\"w\":1.0},\"Version\":\"0.0.0\",\"ModuleId\":0}]},{\"Modules\":[{\"ChannelWeights\":{\"x\":0.0,\"y\":0.0,\"z\":0.0,\"w\":1.0},\"Version\":\"0.0.0\",\"ModuleId\":0}]},{\"Modules\":[{\"ChannelWeights\":{\"x\":0.0,\"y\":0.0,\"z\":0.0,\"w\":1.0},\"Version\":\"0.0.0\",\"ModuleId\":0}]},{\"Modules\":[{\"ChannelWeights\":{\"x\":0.0,\"y\":0.0,\"z\":0.0,\"w\":1.0},\"Version\":\"0.0.0\",\"ModuleId\":0}]},{\"Modules\":[{\"ChannelWeights\":{\"x\":0.0,\"y\":0.0,\"z\":0.0,\"w\":1.0},\"Version\":\"0.0.0\",\"ModuleId\":0}]},{\"Modules\":[{\"ChannelWeights\":{\"x\":0.0,\"y\":0.0,\"z\":0.0,\"w\":1.0},\"Version\":\"0.0.0\",\"ModuleId\":0}]},{\"Modules\":[{\"ChannelWeights\":{\"x\":0.0,\"y\":0.0,\"z\":0.0,\"w\":1.0},\"Version\":\"0.0.0\",\"ModuleId\":0}]},{\"Modules\":[{\"ChannelWeights\":{\"x\":0.0,\"y\":0.0,\"z\":0.0,\"w\":1.0},\"Version\":\"0.0.0\",\"ModuleId\":0}]},{\"Modules\":[{\"ChannelWeights\":{\"x\":0.0,\"y\":0.0,\"z\":0.0,\"w\":1.0},\"Version\":\"0.0.0\",\"ModuleId\":0}]},{\"Modules\":[{\"ChannelWeights\":{\"x\":0.0,\"y\":0.0,\"z\":0.0,\"w\":1.0},\"Version\":\"0.0.0\",\"ModuleId\":0}]},{\"Modules\":[{\"ChannelWeights\":{\"x\":0.0,\"y\":0.0,\"z\":0.0,\"w\":1.0},\"Version\":\"0.0.0\",\"ModuleId\":0}]},{\"Modules\":[{\"ChannelWeights\":{\"x\":0.0,\"y\":0.0,\"z\":0.0,\"w\":1.0},\"Version\":\"0.0.0\",\"ModuleId\":0}]},{\"Modules\":[{\"ChannelWeights\":{\"x\":0.0,\"y\":0.0,\"z\":0.0,\"w\":1.0},\"Version\":\"0.0.0\",\"ModuleId\":0}]},{\"Modules\":[{\"ChannelWeights\":{\"x\":0.0,\"y\":0.0,\"z\":0.0,\"w\":1.0},\"Version\":\"0.0.0\",\"ModuleId\":0}]},{\"Modules\":[{\"ChannelWeights\":{\"x\":0.0,\"y\":0.0,\"z\":0.0,\"w\":1.0},\"Version\":\"0.0.0\",\"ModuleId\":0}]},{\"Modules\":[{\"ChannelWeights\":{\"x\":0.0,\"y\":0.0,\"z\":0.0,\"w\":1.0},\"Version\":\"0.0.0\",\"ModuleId\":0}]},{\"Modules\":[{\"ChannelWeights\":{\"x\":0.0,\"y\":0.0,\"z\":0.0,\"w\":1.0},\"Version\":\"0.0.0\",\"ModuleId\":0}]},{\"Modules\":[{\"ChannelWeights\":{\"x\":0.0,\"y\":0.0,\"z\":0.0,\"w\":1.0},\"Version\":\"0.0.0\",\"ModuleId\":0}]},{\"Modules\":[{\"ChannelWeights\":{\"x\":0.0,\"y\":0.0,\"z\":0.0,\"w\":1.0},\"Version\":\"0.0.0\",\"ModuleId\":0}]},{\"Modules\":[{\"ChannelWeights\":{\"x\":0.0,\"y\":0.0,\"z\":0.0,\"w\":1.0},\"Version\":\"0.0.0\",\"ModuleId\":0}]},{\"Modules\":[{\"ChannelWeights\":{\"x\":0.0,\"y\":0.0,\"z\":0.0,\"w\":1.0},\"Version\":\"0.0.0\",\"ModuleId\":0}]},{\"Modules\":[{\"ChannelWeights\":{\"x\":0.0,\"y\":0.0,\"z\":0.0,\"w\":1.0},\"Version\":\"0.0.0\",\"ModuleId\":0}]},{\"Modules\":[{\"ChannelWeights\":{\"x\":0.0,\"y\":0.0,\"z\":0.0,\"w\":1.0},\"Version\":\"0.0.0\",\"ModuleId\":0}]},{\"Modules\":[{\"ChannelWeights\":{\"x\":0.0,\"y\":0.0,\"z\":0.0,\"w\":1.0},\"Version\":\"0.0.0\",\"ModuleId\":0}]},{\"Modules\":[{\"ChannelWeights\":{\"x\":0.0,\"y\":0.0,\"z\":0.0,\"w\":1.0},\"Version\":\"0.0.0\",\"ModuleId\":0}]},{\"Modules\":[{\"ChannelWeights\":{\"x\":0.0,\"y\":0.0,\"z\":0.0,\"w\":1.0},\"Version\":\"0.0.0\",\"ModuleId\":0}]},{\"Modules\":[{\"ChannelWeights\":{\"x\":0.0,\"y\":0.0,\"z\":0.0,\"w\":1.0},\"Version\":\"0.0.0\",\"ModuleId\":0}]},{\"Modules\":[{\"ChannelWeights\":{\"x\":0.0,\"y\":0.0,\"z\":0.0,\"w\":1.0},\"Version\":\"0.0.0\",\"ModuleId\":0}]},{\"Modules\":[{\"ChannelWeights\":{\"x\":0.0,\"y\":0.0,\"z\":0.0,\"w\":1.0},\"Version\":\"0.0.0\",\"ModuleId\":0}]},{\"Modules\":[{\"ChannelWeights\":{\"x\":0.0,\"y\":0.0,\"z\":0.0,\"w\":1.0},\"Version\":\"0.0.0\",\"ModuleId\":0}]},{\"Modules\":[{\"ChannelWeights\":{\"x\":0.0,\"y\":0.0,\"z\":0.0,\"w\":1.0},\"Version\":\"0.0.0\",\"ModuleId\":0}]},{\"Modules\":[{\"ChannelWeights\":{\"x\":0.0,\"y\":0.0,\"z\":0.0,\"w\":1.0},\"Version\":\"0.0.0\",\"ModuleId\":0}]},{\"Modules\":[{\"ChannelWeights\":{\"x\":0.0,\"y\":0.0,\"z\":0.0,\"w\":1.0},\"Version\":\"0.0.0\",\"ModuleId\":0}]},{\"Modules\":[{\"ChannelWeights\":{\"x\":0.0,\"y\":0.0,\"z\":0.0,\"w\":1.0},\"Version\":\"0.0.0\",\"ModuleId\":0}]},{\"Modules\":[{\"ChannelWeights\":{\"x\":0.0,\"y\":0.0,\"z\":0.0,\"w\":1.0},\"Version\":\"0.0.0\",\"ModuleId\":0}]},{\"Modules\":[{\"ChannelWeights\":{\"x\":0.0,\"y\":0.0,\"z\":0.0,\"w\":1.0},\"Version\":\"0.0.0\",\"ModuleId\":0}]},{\"Modules\":[{\"ChannelWeights\":{\"x\":0.0,\"y\":0.0,\"z\":0.0,\"w\":1.0},\"Version\":\"0.0.0\",\"ModuleId\":0}]},{\"Modules\":[{\"ChannelWeights\":{\"x\":0.0,\"y\":0.0,\"z\":0.0,\"w\":1.0},\"Version\":\"0.0.0\",\"ModuleId\":0}]},{\"Modules\":[{\"ChannelWeights\":{\"x\":0.0,\"y\":0.0,\"z\":0.0,\"w\":1.0},\"Version\":\"0.0.0\",\"ModuleId\":0}]},{\"Modules\":[{\"ChannelWeights\":{\"x\":0.0,\"y\":0.0,\"z\":0.0,\"w\":0.0},\"Version\":\"0.0.0\",\"ModuleId\":0}]},{\"Modules\":[{\"ChannelWeights\":{\"x\":0.0,\"y\":0.0,\"z\":0.0,\"w\":0.0},\"Version\":\"0.0.0\",\"ModuleId\":0}]},{\"Modules\":[{\"ChannelWeights\":{\"x\":0.0,\"y\":0.0,\"z\":0.0,\"w\":0.0},\"Version\":\"0.0.0\",\"ModuleId\":0}]},{\"Modules\":[{\"ChannelWeights\":{\"x\":0.0,\"y\":0.0,\"z\":0.0,\"w\":0.0},\"Version\":\"0.0.0\",\"ModuleId\":0}]},{\"Modules\":[{\"ChannelWeights\":{\"x\":0.0,\"y\":0.0,\"z\":0.0,\"w\":0.0},\"Version\":\"0.0.0\",\"ModuleId\":0}]},{\"Modules\":[{\"ChannelWeights\":{\"x\":0.0,\"y\":0.0,\"z\":0.0,\"w\":0.0},\"Version\":\"0.0.0\",\"ModuleId\":0}]},{\"Modules\":[{\"ChannelWeights\":{\"x\":0.0,\"y\":0.0,\"z\":0.0,\"w\":0.0},\"Version\":\"0.0.0\",\"ModuleId\":0}]},{\"Modules\":[{\"ChannelWeights\":{\"x\":0.0,\"y\":0.0,\"z\":0.0,\"w\":0.0},\"Version\":\"0.0.0\",\"ModuleId\":0}]},{\"Modules\":[{\"ChannelWeights\":{\"x\":0.0,\"y\":0.0,\"z\":0.0,\"w\":0.0},\"Version\":\"0.0.0\",\"ModuleId\":0}]}]}]}]},{\"Id\":32,\"Pos\":{\"x\":-940.730164,\"y\":115.397995,\"z\":26.794754},\"Rot\":{\"x\":-0.0302050952,\"y\":0.9865734,\"z\":0.04270469,\"w\":-0.1547158},\"Storages\":[{\"Version\":\"0.0.0\",\"ItemBlocks\":[{\"ItemId\":405,\"TotalCount\":157,\"UniqueItems\":[{\"Modules\":[{\"ChannelWeights\":{\"x\":0.0,\"y\":0.0,\"z\":0.0,\"w\":1.0},\"Version\":\"0.0.0\",\"ModuleId\":0}]},{\"Modules\":[{\"ChannelWeights\":{\"x\":0.0,\"y\":0.0,\"z\":0.0,\"w\":1.0},\"Version\":\"0.0.0\",\"ModuleId\":0}]},{\"Modules\":[{\"ChannelWeights\":{\"x\":0.0,\"y\":0.0,\"z\":0.0,\"w\":1.0},\"Version\":\"0.0.0\",\"ModuleId\":0}]},{\"Modules\":[{\"ChannelWeights\":{\"x\":0.0,\"y\":0.0,\"z\":0.0,\"w\":1.0},\"Version\":\"0.0.0\",\"ModuleId\":0}]},{\"Modules\":[{\"ChannelWeights\":{\"x\":0.0,\"y\":0.0,\"z\":0.0,\"w\":1.0},\"Version\":\"0.0.0\",\"ModuleId\":0}]},{\"Modules\":[{\"ChannelWeights\":{\"x\":0.0,\"y\":0.0,\"z\":0.0,\"w\":1.0},\"Version\":\"0.0.0\",\"ModuleId\":0}]},{\"Modules\":[{\"ChannelWeights\":{\"x\":0.0,\"y\":0.0,\"z\":0.0,\"w\":0.0},\"Version\":\"0.0.0\",\"ModuleId\":0}]},{\"Modules\":[{\"ChannelWeights\":{\"x\":0.0,\"y\":0.0,\"z\":0.0,\"w\":0.0},\"Version\":\"0.0.0\",\"ModuleId\":0}]},{\"Modules\":[{\"ChannelWeights\":{\"x\":0.0,\"y\":0.0,\"z\":0.0,\"w\":0.0},\"Version\":\"0.0.0\",\"ModuleId\":0}]},{\"Modules\":[{\"ChannelWeights\":{\"x\":0.0,\"y\":0.0,\"z\":0.0,\"w\":0.0},\"Version\":\"0.0.0\",\"ModuleId\":0}]},{\"Modules\":[{\"ChannelWeights\":{\"x\":0.0,\"y\":0.0,\"z\":0.0,\"w\":0.0},\"Version\":\"0.0.0\",\"ModuleId\":0}]},{\"Modules\":[{\"ChannelWeights\":{\"x\":0.0,\"y\":0.0,\"z\":0.0,\"w\":0.0},\"Version\":\"0.0.0\",\"ModuleId\":0}]},{\"Modules\":[{\"ChannelWeights\":{\"x\":0.0,\"y\":0.0,\"z\":0.0,\"w\":0.0},\"Version\":\"0.0.0\",\"ModuleId\":0}]},{\"Modules\":[{\"ChannelWeights\":{\"x\":0.0,\"y\":0.0,\"z\":0.0,\"w\":0.0},\"Version\":\"0.0.0\",\"ModuleId\":0}]},{\"Modules\":[{\"ChannelWeights\":{\"x\":0.0,\"y\":0.0,\"z\":0.0,\"w\":0.0},\"Version\":\"0.0.0\",\"ModuleId\":0}]},{\"Modules\":[{\"ChannelWeights\":{\"x\":0.0,\"y\":0.0,\"z\":0.0,\"w\":0.0},\"Version\":\"0.0.0\",\"ModuleId\":0}]},{\"Modules\":[{\"ChannelWeights\":{\"x\":0.0,\"y\":0.0,\"z\":0.0,\"w\":0.0},\"Version\":\"0.0.0\",\"ModuleId\":0}]},{\"Modules\":[{\"ChannelWeights\":{\"x\":0.0,\"y\":0.0,\"z\":0.0,\"w\":0.0},\"Version\":\"0.0.0\",\"ModuleId\":0}]},{\"Modules\":[{\"ChannelWeights\":{\"x\":0.0,\"y\":0.0,\"z\":0.0,\"w\":0.0},\"Version\":\"0.0.0\",\"ModuleId\":0}]},{\"Modules\":[{\"ChannelWeights\":{\"x\":0.0,\"y\":0.0,\"z\":0.0,\"w\":0.0},\"Version\":\"0.0.0\",\"ModuleId\":0}]},{\"Modules\":[{\"ChannelWeights\":{\"x\":0.0,\"y\":0.0,\"z\":0.0,\"w\":0.0},\"Version\":\"0.0.0\",\"ModuleId\":0}]},{\"Modules\":[{\"ChannelWeights\":{\"x\":0.0,\"y\":0.0,\"z\":0.0,\"w\":0.0},\"Version\":\"0.0.0\",\"ModuleId\":0}]},{\"Modules\":[{\"ChannelWeights\":{\"x\":0.0,\"y\":0.0,\"z\":0.0,\"w\":0.0},\"Version\":\"0.0.0\",\"ModuleId\":0}]},{\"Modules\":[{\"ChannelWeights\":{\"x\":0.0,\"y\":0.0,\"z\":0.0,\"w\":0.0},\"Version\":\"0.0.0\",\"ModuleId\":0}]},{\"Modules\":[{\"ChannelWeights\":{\"x\":0.0,\"y\":0.0,\"z\":0.0,\"w\":0.0},\"Version\":\"0.0.0\",\"ModuleId\":0}]},{\"Modules\":[{\"ChannelWeights\":{\"x\":0.0,\"y\":0.0,\"z\":0.0,\"w\":0.0},\"Version\":\"0.0.0\",\"ModuleId\":0}]},{\"Modules\":[{\"ChannelWeights\":{\"x\":0.0,\"y\":0.0,\"z\":0.0,\"w\":0.0},\"Version\":\"0.0.0\",\"ModuleId\":0}]},{\"Modules\":[{\"ChannelWeights\":{\"x\":0.0,\"y\":0.0,\"z\":0.0,\"w\":0.0},\"Version\":\"0.0.0\",\"ModuleId\":0}]},{\"Modules\":[{\"ChannelWeights\":{\"x\":0.0,\"y\":0.0,\"z\":0.0,\"w\":0.0},\"Version\":\"0.0.0\",\"ModuleId\":0}]},{\"Modules\":[{\"ChannelWeights\":{\"x\":0.0,\"y\":0.0,\"z\":0.0,\"w\":0.0},\"Version\":\"0.0.0\",\"ModuleId\":0}]},{\"Modules\":[{\"ChannelWeights\":{\"x\":0.0,\"y\":0.0,\"z\":0.0,\"w\":0.0},\"Version\":\"0.0.0\",\"ModuleId\":0}]},{\"Modules\":[{\"ChannelWeights\":{\"x\":0.0,\"y\":0.0,\"z\":0.0,\"w\":0.0},\"Version\":\"0.0.0\",\"ModuleId\":0}]},{\"Modules\":[{\"ChannelWeights\":{\"x\":0.0,\"y\":0.0,\"z\":0.0,\"w\":0.0},\"Version\":\"0.0.0\",\"ModuleId\":0}]},{\"Modules\":[{\"ChannelWeights\":{\"x\":0.0,\"y\":0.0,\"z\":0.0,\"w\":0.0},\"Version\":\"0.0.0\",\"ModuleId\":0}]},{\"Modules\":[{\"ChannelWeights\":{\"x\":0.0,\"y\":0.0,\"z\":0.0,\"w\":0.0},\"Version\":\"0.0.0\",\"ModuleId\":0}]},{\"Modules\":[{\"ChannelWeights\":{\"x\":0.0,\"y\":0.0,\"z\":0.0,\"w\":0.0},\"Version\":\"0.0.0\",\"ModuleId\":0}]},{\"Modules\":[{\"ChannelWeights\":{\"x\":0.0,\"y\":0.0,\"z\":0.0,\"w\":0.0},\"Version\":\"0.0.0\",\"ModuleId\":0}]},{\"Modules\":[{\"ChannelWeights\":{\"x\":0.0,\"y\":0.0,\"z\":0.0,\"w\":0.0},\"Version\":\"0.0.0\",\"ModuleId\":0}]},{\"Modules\":[{\"ChannelWeights\":{\"x\":0.0,\"y\":0.0,\"z\":0.0,\"w\":0.0},\"Version\":\"0.0.0\",\"ModuleId\":0}]},{\"Modules\":[{\"ChannelWeights\":{\"x\":0.0,\"y\":0.0,\"z\":0.0,\"w\":0.0},\"Version\":\"0.0.0\",\"ModuleId\":0}]},{\"Modules\":[{\"ChannelWeights\":{\"x\":0.0,\"y\":0.0,\"z\":0.0,\"w\":0.0},\"Version\":\"0.0.0\",\"ModuleId\":0}]},{\"Modules\":[{\"ChannelWeights\":{\"x\":0.0,\"y\":0.0,\"z\":0.0,\"w\":0.0},\"Version\":\"0.0.0\",\"ModuleId\":0}]},{\"Modules\":[{\"ChannelWeights\":{\"x\":0.0,\"y\":0.0,\"z\":0.0,\"w\":0.0},\"Version\":\"0.0.0\",\"ModuleId\":0}]},{\"Modules\":[{\"ChannelWeights\":{\"x\":0.0,\"y\":0.0,\"z\":0.0,\"w\":0.0},\"Version\":\"0.0.0\",\"ModuleId\":0}]},{\"Modules\":[{\"ChannelWeights\":{\"x\":0.0,\"y\":0.0,\"z\":0.0,\"w\":0.0},\"Version\":\"0.0.0\",\"ModuleId\":0}]},{\"Modules\":[{\"ChannelWeights\":{\"x\":0.0,\"y\":0.0,\"z\":0.0,\"w\":0.0},\"Version\":\"0.0.0\",\"ModuleId\":0}]},{\"Modules\":[{\"ChannelWeights\":{\"x\":0.0,\"y\":0.0,\"z\":0.0,\"w\":0.0},\"Version\":\"0.0.0\",\"ModuleId\":0}]},{\"Modules\":[{\"ChannelWeights\":{\"x\":0.0,\"y\":0.0,\"z\":0.0,\"w\":0.0},\"Version\":\"0.0.0\",\"ModuleId\":0}]},{\"Modules\":[{\"ChannelWeights\":{\"x\":0.0,\"y\":0.0,\"z\":0.0,\"w\":0.0},\"Version\":\"0.0.0\",\"ModuleId\":0}]},{\"Modules\":[{\"ChannelWeights\":{\"x\":0.0,\"y\":0.0,\"z\":0.0,\"w\":0.0},\"Version\":\"0.0.0\",\"ModuleId\":0}]},{\"Modules\":[{\"ChannelWeights\":{\"x\":0.0,\"y\":0.0,\"z\":0.0,\"w\":0.0},\"Version\":\"0.0.0\",\"ModuleId\":0}]},{\"Modules\":[{\"ChannelWeights\":{\"x\":0.0,\"y\":0.0,\"z\":0.0,\"w\":0.0},\"Version\":\"0.0.0\",\"ModuleId\":0}]},{\"Modules\":[{\"ChannelWeights\":{\"x\":0.0,\"y\":0.0,\"z\":0.0,\"w\":0.0},\"Version\":\"0.0.0\",\"ModuleId\":0}]},{\"Modules\":[{\"ChannelWeights\":{\"x\":0.0,\"y\":0.0,\"z\":0.0,\"w\":1.0},\"Version\":\"0.0.0\",\"ModuleId\":0}]},{\"Modules\":[{\"ChannelWeights\":{\"x\":0.0,\"y\":0.0,\"z\":0.0,\"w\":1.0},\"Version\":\"0.0.0\",\"ModuleId\":0}]},{\"Modules\":[{\"ChannelWeights\":{\"x\":0.0,\"y\":0.0,\"z\":0.0,\"w\":1.0},\"Version\":\"0.0.0\",\"ModuleId\":0}]},{\"Modules\":[{\"ChannelWeights\":{\"x\":0.0,\"y\":0.0,\"z\":0.0,\"w\":1.0},\"Version\":\"0.0.0\",\"ModuleId\":0}]},{\"Modules\":[{\"ChannelWeights\":{\"x\":0.0,\"y\":0.0,\"z\":0.0,\"w\":1.0},\"Version\":\"0.0.0\",\"ModuleId\":0}]},{\"Modules\":[{\"ChannelWeights\":{\"x\":0.0,\"y\":0.0,\"z\":0.0,\"w\":1.0},\"Version\":\"0.0.0\",\"ModuleId\":0}]},{\"Modules\":[{\"ChannelWeights\":{\"x\":0.0,\"y\":0.0,\"z\":0.0,\"w\":1.0},\"Version\":\"0.0.0\",\"ModuleId\":0}]},{\"Modules\":[{\"ChannelWeights\":{\"x\":0.0,\"y\":0.0,\"z\":0.0,\"w\":1.0},\"Version\":\"0.0.0\",\"ModuleId\":0}]},{\"Modules\":[{\"ChannelWeights\":{\"x\":0.0,\"y\":0.0,\"z\":0.0,\"w\":1.0},\"Version\":\"0.0.0\",\"ModuleId\":0}]},{\"Modules\":[{\"ChannelWeights\":{\"x\":0.0,\"y\":0.0,\"z\":0.0,\"w\":1.0},\"Version\":\"0.0.0\",\"ModuleId\":0}]},{\"Modules\":[{\"ChannelWeights\":{\"x\":0.0,\"y\":0.0,\"z\":0.0,\"w\":1.0},\"Version\":\"0.0.0\",\"ModuleId\":0}]},{\"Modules\":[{\"ChannelWeights\":{\"x\":0.0,\"y\":0.0,\"z\":0.0,\"w\":1.0},\"Version\":\"0.0.0\",\"ModuleId\":0}]},{\"Modules\":[{\"ChannelWeights\":{\"x\":0.0,\"y\":0.0,\"z\":0.0,\"w\":1.0},\"Version\":\"0.0.0\",\"ModuleId\":0}]},{\"Modules\":[{\"ChannelWeights\":{\"x\":0.0,\"y\":0.0,\"z\":0.0,\"w\":1.0},\"Version\":\"0.0.0\",\"ModuleId\":0}]},{\"Modules\":[{\"ChannelWeights\":{\"x\":0.0,\"y\":0.0,\"z\":0.0,\"w\":1.0},\"Version\":\"0.0.0\",\"ModuleId\":0}]},{\"Modules\":[{\"ChannelWeights\":{\"x\":0.0,\"y\":0.0,\"z\":0.0,\"w\":1.0},\"Version\":\"0.0.0\",\"ModuleId\":0}]},{\"Modules\":[{\"ChannelWeights\":{\"x\":0.0,\"y\":0.0,\"z\":0.0,\"w\":1.0},\"Version\":\"0.0.0\",\"ModuleId\":0}]},{\"Modules\":[{\"ChannelWeights\":{\"x\":0.0,\"y\":0.0,\"z\":0.0,\"w\":1.0},\"Version\":\"0.0.0\",\"ModuleId\":0}]},{\"Modules\":[{\"ChannelWeights\":{\"x\":0.0,\"y\":0.0,\"z\":0.0,\"w\":1.0},\"Version\":\"0.0.0\",\"ModuleId\":0}]},{\"Modules\":[{\"ChannelWeights\":{\"x\":0.0,\"y\":0.0,\"z\":0.0,\"w\":1.0},\"Version\":\"0.0.0\",\"ModuleId\":0}]},{\"Modules\":[{\"ChannelWeights\":{\"x\":0.0,\"y\":0.0,\"z\":0.0,\"w\":1.0},\"Version\":\"0.0.0\",\"ModuleId\":0}]},{\"Modules\":[{\"ChannelWeights\":{\"x\":0.0,\"y\":0.0,\"z\":0.0,\"w\":1.0},\"Version\":\"0.0.0\",\"ModuleId\":0}]},{\"Modules\":[{\"ChannelWeights\":{\"x\":0.0,\"y\":0.0,\"z\":0.0,\"w\":1.0},\"Version\":\"0.0.0\",\"ModuleId\":0}]},{\"Modules\":[{\"ChannelWeights\":{\"x\":0.0,\"y\":0.0,\"z\":0.0,\"w\":1.0},\"Version\":\"0.0.0\",\"ModuleId\":0}]},{\"Modules\":[{\"ChannelWeights\":{\"x\":0.0,\"y\":0.0,\"z\":0.0,\"w\":1.0},\"Version\":\"0.0.0\",\"ModuleId\":0}]},{\"Modules\":[{\"ChannelWeights\":{\"x\":0.0,\"y\":0.0,\"z\":0.0,\"w\":1.0},\"Version\":\"0.0.0\",\"ModuleId\":0}]},{\"Modules\":[{\"ChannelWeights\":{\"x\":0.0,\"y\":0.0,\"z\":0.0,\"w\":1.0},\"Version\":\"0.0.0\",\"ModuleId\":0}]},{\"Modules\":[{\"ChannelWeights\":{\"x\":0.0,\"y\":0.0,\"z\":0.0,\"w\":1.0},\"Version\":\"0.0.0\",\"ModuleId\":0}]},{\"Modules\":[{\"ChannelWeights\":{\"x\":0.0,\"y\":0.0,\"z\":0.0,\"w\":1.0},\"Version\":\"0.0.0\",\"ModuleId\":0}]},{\"Modules\":[{\"ChannelWeights\":{\"x\":0.0,\"y\":0.0,\"z\":0.0,\"w\":1.0},\"Version\":\"0.0.0\",\"ModuleId\":0}]},{\"Modules\":[{\"ChannelWeights\":{\"x\":0.0,\"y\":0.0,\"z\":0.0,\"w\":1.0},\"Version\":\"0.0.0\",\"ModuleId\":0}]},{\"Modules\":[{\"ChannelWeights\":{\"x\":0.0,\"y\":0.0,\"z\":0.0,\"w\":1.0},\"Version\":\"0.0.0\",\"ModuleId\":0}]},{\"Modules\":[{\"ChannelWeights\":{\"x\":0.0,\"y\":0.0,\"z\":0.0,\"w\":1.0},\"Version\":\"0.0.0\",\"ModuleId\":0}]},{\"Modules\":[{\"ChannelWeights\":{\"x\":0.0,\"y\":0.0,\"z\":0.0,\"w\":1.0},\"Version\":\"0.0.0\",\"ModuleId\":0}]},{\"Modules\":[{\"ChannelWeights\":{\"x\":0.0,\"y\":0.0,\"z\":0.0,\"w\":1.0},\"Version\":\"0.0.0\",\"ModuleId\":0}]},{\"Modules\":[{\"ChannelWeights\":{\"x\":0.0,\"y\":0.0,\"z\":0.0,\"w\":1.0},\"Version\":\"0.0.0\",\"ModuleId\":0}]},{\"Modules\":[{\"ChannelWeights\":{\"x\":0.0,\"y\":0.0,\"z\":0.0,\"w\":1.0},\"Version\":\"0.0.0\",\"ModuleId\":0}]},{\"Modules\":[{\"ChannelWeights\":{\"x\":0.0,\"y\":0.0,\"z\":0.0,\"w\":1.0},\"Version\":\"0.0.0\",\"ModuleId\":0}]},{\"Modules\":[{\"ChannelWeights\":{\"x\":0.0,\"y\":0.0,\"z\":0.0,\"w\":1.0},\"Version\":\"0.0.0\",\"ModuleId\":0}]},{\"Modules\":[{\"ChannelWeights\":{\"x\":0.0,\"y\":0.0,\"z\":0.0,\"w\":1.0},\"Version\":\"0.0.0\",\"ModuleId\":0}]},{\"Modules\":[{\"ChannelWeights\":{\"x\":0.0,\"y\":0.0,\"z\":0.0,\"w\":1.0},\"Version\":\"0.0.0\",\"ModuleId\":0}]},{\"Modules\":[{\"ChannelWeights\":{\"x\":0.0,\"y\":0.0,\"z\":0.0,\"w\":1.0},\"Version\":\"0.0.0\",\"ModuleId\":0}]},{\"Modules\":[{\"ChannelWeights\":{\"x\":0.0,\"y\":0.0,\"z\":0.0,\"w\":1.0},\"Version\":\"0.0.0\",\"ModuleId\":0}]},{\"Modules\":[{\"ChannelWeights\":{\"x\":0.0,\"y\":0.0,\"z\":0.0,\"w\":1.0},\"Version\":\"0.0.0\",\"ModuleId\":0}]},{\"Modules\":[{\"ChannelWeights\":{\"x\":0.0,\"y\":0.0,\"z\":0.0,\"w\":1.0},\"Version\":\"0.0.0\",\"ModuleId\":0}]},{\"Modules\":[{\"ChannelWeights\":{\"x\":0.0,\"y\":0.0,\"z\":0.0,\"w\":1.0},\"Version\":\"0.0.0\",\"ModuleId\":0}]},{\"Modules\":[{\"ChannelWeights\":{\"x\":0.0,\"y\":0.0,\"z\":0.0,\"w\":1.0},\"Version\":\"0.0.0\",\"ModuleId\":0}]},{\"Modules\":[{\"ChannelWeights\":{\"x\":0.0,\"y\":0.0,\"z\":0.0,\"w\":1.0},\"Version\":\"0.0.0\",\"ModuleId\":0}]},{\"Modules\":[{\"ChannelWeights\":{\"x\":0.0,\"y\":0.0,\"z\":0.0,\"w\":1.0},\"Version\":\"0.0.0\",\"ModuleId\":0}]},{\"Modules\":[{\"ChannelWeights\":{\"x\":0.0,\"y\":0.0,\"z\":0.0,\"w\":1.0},\"Version\":\"0.0.0\",\"ModuleId\":0}]},{\"Modules\":[{\"ChannelWeights\":{\"x\":0.0,\"y\":0.0,\"z\":0.0,\"w\":1.0},\"Version\":\"0.0.0\",\"ModuleId\":0}]},{\"Modules\":[{\"ChannelWeights\":{\"x\":0.0,\"y\":0.0,\"z\":0.0,\"w\":1.0},\"Version\":\"0.0.0\",\"ModuleId\":0}]},{\"Modules\":[{\"ChannelWeights\":{\"x\":0.0,\"y\":0.0,\"z\":0.0,\"w\":1.0},\"Version\":\"0.0.0\",\"ModuleId\":0}]},{\"Modules\":[{\"ChannelWeights\":{\"x\":0.0,\"y\":0.0,\"z\":0.0,\"w\":1.0},\"Version\":\"0.0.0\",\"ModuleId\":0}]},{\"Modules\":[{\"ChannelWeights\":{\"x\":0.0,\"y\":0.0,\"z\":0.0,\"w\":1.0},\"Version\":\"0.0.0\",\"ModuleId\":0}]},{\"Modules\":[{\"ChannelWeights\":{\"x\":0.0,\"y\":0.0,\"z\":0.0,\"w\":1.0},\"Version\":\"0.0.0\",\"ModuleId\":0}]},{\"Modules\":[{\"ChannelWeights\":{\"x\":0.0,\"y\":0.0,\"z\":0.0,\"w\":1.0},\"Version\":\"0.0.0\",\"ModuleId\":0}]},{\"Modules\":[{\"ChannelWeights\":{\"x\":0.0,\"y\":0.0,\"z\":0.0,\"w\":1.0},\"Version\":\"0.0.0\",\"ModuleId\":0}]},{\"Modules\":[{\"ChannelWeights\":{\"x\":0.0,\"y\":0.0,\"z\":0.0,\"w\":1.0},\"Version\":\"0.0.0\",\"ModuleId\":0}]},{\"Modules\":[{\"ChannelWeights\":{\"x\":0.0,\"y\":0.0,\"z\":0.0,\"w\":1.0},\"Version\":\"0.0.0\",\"ModuleId\":0}]},{\"Modules\":[{\"ChannelWeights\":{\"x\":0.0,\"y\":0.0,\"z\":0.0,\"w\":1.0},\"Version\":\"0.0.0\",\"ModuleId\":0}]},{\"Modules\":[{\"ChannelWeights\":{\"x\":0.0,\"y\":0.0,\"z\":0.0,\"w\":1.0},\"Version\":\"0.0.0\",\"ModuleId\":0}]},{\"Modules\":[{\"ChannelWeights\":{\"x\":0.0,\"y\":0.0,\"z\":0.0,\"w\":1.0},\"Version\":\"0.0.0\",\"ModuleId\":0}]},{\"Modules\":[{\"ChannelWeights\":{\"x\":0.0,\"y\":0.0,\"z\":0.0,\"w\":1.0},\"Version\":\"0.0.0\",\"ModuleId\":0}]},{\"Modules\":[{\"ChannelWeights\":{\"x\":0.0,\"y\":0.0,\"z\":0.0,\"w\":1.0},\"Version\":\"0.0.0\",\"ModuleId\":0}]},{\"Modules\":[{\"ChannelWeights\":{\"x\":0.0,\"y\":0.0,\"z\":0.0,\"w\":1.0},\"Version\":\"0.0.0\",\"ModuleId\":0}]},{\"Modules\":[{\"ChannelWeights\":{\"x\":0.0,\"y\":0.0,\"z\":0.0,\"w\":1.0},\"Version\":\"0.0.0\",\"ModuleId\":0}]},{\"Modules\":[{\"ChannelWeights\":{\"x\":0.0,\"y\":0.0,\"z\":0.0,\"w\":1.0},\"Version\":\"0.0.0\",\"ModuleId\":0}]},{\"Modules\":[{\"ChannelWeights\":{\"x\":0.0,\"y\":0.0,\"z\":0.0,\"w\":1.0},\"Version\":\"0.0.0\",\"ModuleId\":0}]},{\"Modules\":[{\"ChannelWeights\":{\"x\":0.0,\"y\":0.0,\"z\":0.0,\"w\":1.0},\"Version\":\"0.0.0\",\"ModuleId\":0}]},{\"Modules\":[{\"ChannelWeights\":{\"x\":0.0,\"y\":0.0,\"z\":0.0,\"w\":1.0},\"Version\":\"0.0.0\",\"ModuleId\":0}]},{\"Modules\":[{\"ChannelWeights\":{\"x\":0.0,\"y\":0.0,\"z\":0.0,\"w\":1.0},\"Version\":\"0.0.0\",\"ModuleId\":0}]},{\"Modules\":[{\"ChannelWeights\":{\"x\":0.0,\"y\":0.0,\"z\":0.0,\"w\":1.0},\"Version\":\"0.0.0\",\"ModuleId\":0}]},{\"Modules\":[{\"ChannelWeights\":{\"x\":0.0,\"y\":0.0,\"z\":0.0,\"w\":1.0},\"Version\":\"0.0.0\",\"ModuleId\":0}]},{\"Modules\":[{\"ChannelWeights\":{\"x\":0.0,\"y\":0.0,\"z\":0.0,\"w\":1.0},\"Version\":\"0.0.0\",\"ModuleId\":0}]},{\"Modules\":[{\"ChannelWeights\":{\"x\":0.0,\"y\":0.0,\"z\":0.0,\"w\":1.0},\"Version\":\"0.0.0\",\"ModuleId\":0}]},{\"Modules\":[{\"ChannelWeights\":{\"x\":0.0,\"y\":0.0,\"z\":0.0,\"w\":1.0},\"Version\":\"0.0.0\",\"ModuleId\":0}]},{\"Modules\":[{\"ChannelWeights\":{\"x\":0.0,\"y\":0.0,\"z\":0.0,\"w\":1.0},\"Version\":\"0.0.0\",\"ModuleId\":0}]},{\"Modules\":[{\"ChannelWeights\":{\"x\":0.0,\"y\":0.0,\"z\":0.0,\"w\":1.0},\"Version\":\"0.0.0\",\"ModuleId\":0}]},{\"Modules\":[{\"ChannelWeights\":{\"x\":0.0,\"y\":0.0,\"z\":0.0,\"w\":1.0},\"Version\":\"0.0.0\",\"ModuleId\":0}]},{\"Modules\":[{\"ChannelWeights\":{\"x\":0.0,\"y\":0.0,\"z\":0.0,\"w\":1.0},\"Version\":\"0.0.0\",\"ModuleId\":0}]},{\"Modules\":[{\"ChannelWeights\":{\"x\":0.0,\"y\":0.0,\"z\":0.0,\"w\":1.0},\"Version\":\"0.0.0\",\"ModuleId\":0}]},{\"Modules\":[{\"ChannelWeights\":{\"x\":0.0,\"y\":0.0,\"z\":0.0,\"w\":1.0},\"Version\":\"0.0.0\",\"ModuleId\":0}]},{\"Modules\":[{\"ChannelWeights\":{\"x\":0.0,\"y\":0.0,\"z\":0.0,\"w\":1.0},\"Version\":\"0.0.0\",\"ModuleId\":0}]},{\"Modules\":[{\"ChannelWeights\":{\"x\":0.0,\"y\":0.0,\"z\":0.0,\"w\":1.0},\"Version\":\"0.0.0\",\"ModuleId\":0}]},{\"Modules\":[{\"ChannelWeights\":{\"x\":0.0,\"y\":0.0,\"z\":0.0,\"w\":1.0},\"Version\":\"0.0.0\",\"ModuleId\":0}]},{\"Modules\":[{\"ChannelWeights\":{\"x\":0.0,\"y\":0.0,\"z\":0.0,\"w\":1.0},\"Version\":\"0.0.0\",\"ModuleId\":0}]},{\"Modules\":[{\"ChannelWeights\":{\"x\":0.0,\"y\":0.0,\"z\":0.0,\"w\":0.0},\"Version\":\"0.0.0\",\"ModuleId\":0}]},{\"Modules\":[{\"ChannelWeights\":{\"x\":0.0,\"y\":0.0,\"z\":0.0,\"w\":0.0},\"Version\":\"0.0.0\",\"ModuleId\":0}]},{\"Modules\":[{\"ChannelWeights\":{\"x\":0.0,\"y\":0.0,\"z\":0.0,\"w\":0.0},\"Version\":\"0.0.0\",\"ModuleId\":0}]},{\"Modules\":[{\"ChannelWeights\":{\"x\":0.0,\"y\":0.0,\"z\":0.0,\"w\":0.0},\"Version\":\"0.0.0\",\"ModuleId\":0}]},{\"Modules\":[{\"ChannelWeights\":{\"x\":0.0,\"y\":0.0,\"z\":0.0,\"w\":0.0},\"Version\":\"0.0.0\",\"ModuleId\":0}]},{\"Modules\":[{\"ChannelWeights\":{\"x\":0.0,\"y\":0.0,\"z\":0.0,\"w\":0.0},\"Version\":\"0.0.0\",\"ModuleId\":0}]},{\"Modules\":[{\"ChannelWeights\":{\"x\":0.0,\"y\":0.0,\"z\":0.0,\"w\":0.0},\"Version\":\"0.0.0\",\"ModuleId\":0}]},{\"Modules\":[{\"ChannelWeights\":{\"x\":0.0,\"y\":0.0,\"z\":0.0,\"w\":0.0},\"Version\":\"0.0.0\",\"ModuleId\":0}]},{\"Modules\":[{\"ChannelWeights\":{\"x\":0.0,\"y\":0.0,\"z\":0.0,\"w\":0.0},\"Version\":\"0.0.0\",\"ModuleId\":0}]},{\"Modules\":[{\"ChannelWeights\":{\"x\":0.0,\"y\":0.0,\"z\":0.0,\"w\":0.0},\"Version\":\"0.0.0\",\"ModuleId\":0}]},{\"Modules\":[{\"ChannelWeights\":{\"x\":0.0,\"y\":0.0,\"z\":0.0,\"w\":0.0},\"Version\":\"0.0.0\",\"ModuleId\":0}]},{\"Modules\":[{\"ChannelWeights\":{\"x\":0.0,\"y\":0.0,\"z\":0.0,\"w\":0.0},\"Version\":\"0.0.0\",\"ModuleId\":0}]},{\"Modules\":[{\"ChannelWeights\":{\"x\":0.0,\"y\":0.0,\"z\":0.0,\"w\":0.0},\"Version\":\"0.0.0\",\"ModuleId\":0}]},{\"Modules\":[{\"ChannelWeights\":{\"x\":0.0,\"y\":0.0,\"z\":0.0,\"w\":0.0},\"Version\":\"0.0.0\",\"ModuleId\":0}]},{\"Modules\":[{\"ChannelWeights\":{\"x\":0.0,\"y\":0.0,\"z\":0.0,\"w\":0.0},\"Version\":\"0.0.0\",\"ModuleId\":0}]},{\"Modules\":[{\"ChannelWeights\":{\"x\":0.0,\"y\":0.0,\"z\":0.0,\"w\":0.0},\"Version\":\"0.0.0\",\"ModuleId\":0}]},{\"Modules\":[{\"ChannelWeights\":{\"x\":0.0,\"y\":0.0,\"z\":0.0,\"w\":0.0},\"Version\":\"0.0.0\",\"ModuleId\":0}]}]}]}]},{\"Id\":22,\"Pos\":{\"x\":-933.173767,\"y\":115.462807,\"z\":32.2878532},\"Rot\":{\"x\":0.0,\"y\":-0.106692374,\"z\":0.0,\"w\":-0.9942921},\"Storages\":[]},{\"Id\":55,\"Pos\":{\"x\":-1248.74451,\"y\":131.199371,\"z\":-249.171875},\"Rot\":{\"x\":0.09642643,\"y\":-0.5160712,\"z\":0.0586079955,\"w\":0.849080443},\"Storages\":[]},{\"Id\":0,\"Pos\":{\"x\":-935.315552,\"y\":116.984055,\"z\":26.7913589},\"Rot\":{\"x\":0.00352906133,\"y\":0.9893599,\"z\":0.0243492071,\"w\":-0.143393263},\"Storages\":[{\"Version\":\"0.0.0\",\"ItemBlocks\":[{\"ItemId\":479,\"TotalCount\":5,\"UniqueItems\":[]}]}]},{\"Id\":27,\"Pos\":{\"x\":-936.035767,\"y\":115.061462,\"z\":33.709053},\"Rot\":{\"x\":0.0,\"y\":0.5221528,\"z\":0.0,\"w\":-0.8528519},\"Storages\":[{\"Version\":\"0.0.0\",\"ItemBlocks\":[{\"ItemId\":436,\"TotalCount\":2,\"UniqueItems\":[{\"Modules\":[{\"CurrentState\":4,\"TimeRemainingInState\":172800.0,\"PauseDecay\":true,\"Version\":\"0.0.0\",\"ModuleId\":3}]},{\"Modules\":[{\"CurrentState\":1,\"TimeRemainingInState\":69557.38,\"PauseDecay\":true,\"Version\":\"0.0.0\",\"ModuleId\":3}]}]},{\"ItemId\":480,\"TotalCount\":1,\"UniqueItems\":[{\"Modules\":[{\"ChannelWeights\":{\"x\":0.0,\"y\":0.0,\"z\":0.0,\"w\":0.0},\"Version\":\"0.0.0\",\"ModuleId\":0},{\"SourceActorType\":29,\"Version\":\"0.0.0\",\"ModuleId\":1},{\"CurrentState\":3,\"TimeRemainingInState\":0.0,\"PauseDecay\":true,\"Version\":\"0.0.0\",\"ModuleId\":3}]}]}]}]},{\"Id\":35,\"Pos\":{\"x\":-923.4705,\"y\":114.759941,\"z\":16.2758465},\"Rot\":{\"x\":0.0192520618,\"y\":0.0,\"z\":0.0162693951,\"w\":0.9996823},\"Storages\":[{\"Version\":\"0.0.0\",\"ItemBlocks\":[]}]},{\"Id\":37,\"Pos\":{\"x\":-935.429138,\"y\":115.061462,\"z\":40.6135},\"Rot\":{\"x\":0.0,\"y\":0.0932932049,\"z\":0.0,\"w\":0.995638669},\"Storages\":[{\"Version\":\"0.0.0\",\"ItemBlocks\":[{\"ItemId\":78,\"TotalCount\":6,\"UniqueItems\":[{\"Modules\":[{\"VariantNumber\":0,\"Version\":\"0.0.0\",\"ModuleId\":6}]},{\"Modules\":[{\"VariantNumber\":0,\"Version\":\"0.0.0\",\"ModuleId\":6}]},{\"Modules\":[{\"VariantNumber\":0,\"Version\":\"0.0.0\",\"ModuleId\":6}]},{\"Modules\":[{\"VariantNumber\":0,\"Version\":\"0.0.0\",\"ModuleId\":6}]},{\"Modules\":[{\"VariantNumber\":0,\"Version\":\"0.0.0\",\"ModuleId\":6}]},{\"Modules\":[{\"VariantNumber\":0,\"Version\":\"0.0.0\",\"ModuleId\":6}]}]}]}]},{\"Id\":20,\"Pos\":{\"x\":-943.8398,\"y\":115.0625,\"z\":32.6796951},\"Rot\":{\"x\":0.0160078369,\"y\":-0.5066831,\"z\":0.004044003,\"w\":0.861974239},\"Storages\":[]},{\"Id\":20,\"Pos\":{\"x\":-946.3859,\"y\":114.844177,\"z\":34.2606659},\"Rot\":{\"x\":0.0263988227,\"y\":-0.9498003,\"z\":-0.03331481,\"w\":-0.309955746},\"Storages\":[]},{\"Id\":20,\"Pos\":{\"x\":-944.102661,\"y\":115.021133,\"z\":33.80732},\"Rot\":{\"x\":0.0314383954,\"y\":-0.8856767,\"z\":-0.0100468611,\"w\":0.4631281},\"Storages\":[]},{\"Id\":47,\"Pos\":{\"x\":-1028.21973,\"y\":98.5393143,\"z\":1018.44171},\"Rot\":{\"x\":0.0,\"y\":-0.7165965,\"z\":0.0,\"w\":-0.697488},\"Storages\":[]},{\"Id\":47,\"Pos\":{\"x\":-540.0619,\"y\":196.751236,\"z\":111.782288},\"Rot\":{\"x\":0.0116922148,\"y\":0.0,\"z\":-0.0586931221,\"w\":0.9982076},\"Storages\":[]},{\"Id\":47,\"Pos\":{\"x\":-1340.32361,\"y\":97.66246,\"z\":1428.56934},\"Rot\":{\"x\":0.06575084,\"y\":-0.7150455,\"z\":0.00088854495,\"w\":-0.6959784},\"Storages\":[]},{\"Id\":55,\"Pos\":{\"x\":-674.667542,\"y\":111.653343,\"z\":437.909},\"Rot\":{\"x\":0.018083483,\"y\":0.9284003,\"z\":0.0455803834,\"w\":-0.368331939},\"Storages\":[]},{\"Id\":22,\"Pos\":{\"x\":-671.6426,\"y\":50.4950867,\"z\":1153.65662},\"Rot\":{\"x\":0.0,\"y\":-0.5324393,\"z\":0.0,\"w\":-0.8464682},\"Storages\":[]},{\"Id\":20,\"Pos\":{\"x\":-678.003845,\"y\":49.98397,\"z\":1155.12561},\"Rot\":{\"x\":0.0,\"y\":-0.4013916,\"z\":0.0,\"w\":0.915906549},\"Storages\":[]},{\"Id\":36,\"Pos\":{\"x\":-954.2576,\"y\":113.930725,\"z\":39.7307549},\"Rot\":{\"x\":-0.00703224353,\"y\":-0.8726101,\"z\":-0.0364277,\"w\":-0.487006366},\"Storages\":[]}]}"}}