{"Version":"0.0.0","Data":{"FreeFormStructureLinkerManager":"{\"_nodeLinkersData\":[],\"_builtLinkersData\":[null,null,null,null,null,{\"_typeId\":4,\"_instanceId\":6},null,null,{\"_typeId\":8,\"_instanceId\":9},null,null,null,null,null,null,null,null,null,null,null,null,null,{\"_typeId\":4,\"_instanceId\":20},null,null,null,{\"_typeId\":4,\"_instanceId\":17},{\"_typeId\":4,\"_instanceId\":9},{\"_typeId\":4,\"_instanceId\":18},{\"_typeId\":4,\"_instanceId\":5},{\"_typeId\":8,\"_instanceId\":5},null,{\"_typeId\":8,\"_instanceId\":9},null,{\"_typeId\":8,\"_instanceId\":5}]}"}}