{"Version":"0.0.0","Data":{"GameState":"{\"Version\":\"0.0.0\",\"SaveTime\":\"2023-03-23T21:36:58.1560246+01:00\",\"GameType\":\"Normal\",\"GameId\":\"6fc80cfd-c5dd-4551-a23b-7016c7a53072\",\"GameDays\":12,\"GameHours\":20,\"GameMinutes\":24,\"GameSeconds\":53,\"GameMilliseconds\":788,\"IsRobbyDead\":false,\"IsVirginiaDead\":false,\"CoreGameCompleted\":false,\"EscapedIsland\":false,\"StayedOnIsland\":false,\"CrashSite\":\"snow\",\"NamedIntDatas\":[{\"SaveObjectNameId\":\"LuxuryBunker.EntranceDoor\",\"SaveValue\":0},{\"SaveObjectNameId\":\"LuxuryBunker.HellDoorCaveEntrance\",\"SaveValue\":0},{\"SaveObjectNameId\":\"HangingTacticalGpsPickedUp\",\"SaveValue\":0},{\"SaveObjectNameId\":\"BuriedTacticalGpsPickedUp\",\"SaveValue\":0},{\"SaveObjectNameId\":\"RaftTacticalGpsPickeUp\",\"SaveValue\":1},{\"SaveObjectNameId\":\"BunkerA.EntranceHatch\",\"SaveValue\":3},{\"SaveObjectNameId\":\"BunkerB.EntranceHatch\",\"SaveValue\":0},{\"SaveObjectNameId\":\"BunkerC.EntranceHatch\",\"SaveValue\":0},{\"SaveObjectNameId\":\"EntertainmentBunker.ExitDoor\",\"SaveValue\":3},{\"SaveObjectNameId\":\"EntertainmentBunker.EntranceDoor\",\"SaveValue\":3},{\"SaveObjectNameId\":\"EntertainmentBunker.ComputerRoomDoor\",\"SaveValue\":3},{\"SaveObjectNameId\":\"CaveB.Sluggy\",\"SaveValue\":1},{\"SaveObjectNameId\":\"BunkerFoodAndDining.EntranceHatch\",\"SaveValue\":3},{\"SaveObjectNameId\":\"BunkerFoodAndDining.DiningDoor\",\"SaveValue\":3},{\"SaveObjectNameId\":\"BunkerFoodAndDining.EntranceDoor\",\"SaveValue\":3},{\"SaveObjectNameId\":\"HangingTactical\",\"SaveValue\":1},{\"SaveObjectNameId\":\"HangingTacticalCutDown\",\"SaveValue\":1},{\"SaveObjectNameId\":\"CaveC.Sluggy\",\"SaveValue\":3},{\"SaveObjectNameId\":\"BunkerFoodAndDining.PufftonBossSpawn\",\"SaveValue\":1},{\"SaveObjectNameId\":\"SnowCrashPickups.AmmoCase.AAA\",\"SaveValue\":1},{\"SaveObjectNameId\":\"SnowCrashPickups.Meds.AAB\",\"SaveValue\":1},{\"SaveObjectNameId\":\"SnowCrashPickups.AmmoCase.AAC\",\"SaveValue\":1},{\"SaveObjectNameId\":\"SnowCrashPickups.GrenadeCase.AAD\",\"SaveValue\":1},{\"SaveObjectNameId\":\"SnowCrashPickups.Meds.AAE\",\"SaveValue\":1},{\"SaveObjectNameId\":\"SnowCrashPickups.AmmoCase.AAF\",\"SaveValue\":1},{\"SaveObjectNameId\":\"SnowCrashPickups.BasicStorageCrateItems.AAG\",\"SaveValue\":1},{\"SaveObjectNameId\":\"SnowCrashPickups.BasicStorageCrateItems.AAH\",\"SaveValue\":1},{\"SaveObjectNameId\":\"SonsStorySpots.BasicStorageCrateItems.AAC\",\"SaveValue\":0},{\"SaveObjectNameId\":\"SonsStorySpots.BasicStorageCrateItems.AKT\",\"SaveValue\":0},{\"SaveObjectNameId\":\"SonsStorySpots.BasicStorageCrateItems.AOD\",\"SaveValue\":0},{\"SaveObjectNameId\":\"SonsStorySpots.FlaresCase.ALT\",\"SaveValue\":0},{\"SaveObjectNameId\":\"SonsStorySpots.GraveItems.AIY\",\"SaveValue\":0},{\"SaveObjectNameId\":\"SonsStorySpots.BasicStorageCrateItems.AKJ\",\"SaveValue\":0},{\"SaveObjectNameId\":\"SonsStorySpots.BasicStorageCrateItems.AFK\",\"SaveValue\":1},{\"SaveObjectNameId\":\"SonsStorySpots.BasicStorageCrateItems.AOF\",\"SaveValue\":1},{\"SaveObjectNameId\":\"SonsStorySpots.BasicStorageCrateItems.AHA\",\"SaveValue\":0},{\"SaveObjectNameId\":\"SonsStorySpots.BasicStorageCrateItems.AJW\",\"SaveValue\":0},{\"SaveObjectNameId\":\"SonsStorySpots.WoodenCrateItems.AQU\",\"SaveValue\":0},{\"SaveObjectNameId\":\"SonsStorySpots.BasicStorageCrateItems.ADE\",\"SaveValue\":0},{\"SaveObjectNameId\":\"SonsStorySpots.BasicStorageCrateItems.AEE\",\"SaveValue\":0},{\"SaveObjectNameId\":\"SonsStorySpots.BasicStorageCrateItems.AKF\",\"SaveValue\":0},{\"SaveObjectNameId\":\"SonsStorySpots.BasicStorageCrateItems.APM\",\"SaveValue\":0},{\"SaveObjectNameId\":\"IceCaves.WoodenCrateItems.AAH\",\"SaveValue\":0},{\"SaveObjectNameId\":\"IceCaves.WoodenCrateItems.AAI\",\"SaveValue\":0},{\"SaveObjectNameId\":\"IceCaves.WoodenCrateItems.AAK\",\"SaveValue\":0},{\"SaveObjectNameId\":\"SonsStorySpots.BasicStorageCrateItems.ADC\",\"SaveValue\":0},{\"SaveObjectNameId\":\"SonsStorySpots.GraveItems.AAQ\",\"SaveValue\":1},{\"SaveObjectNameId\":\"SonsStorySpots.GraveItems.AIU\",\"SaveValue\":1},{\"SaveObjectNameId\":\"SonsStorySpots.GraveItems.ANJ\",\"SaveValue\":1},{\"SaveObjectNameId\":\"SonsStorySpots.BasicStorageCrateItems.AAW\",\"SaveValue\":0},{\"SaveObjectNameId\":\"SonsStorySpots.BasicStorageCrateItems.ABI\",\"SaveValue\":0},{\"SaveObjectNameId\":\"SonsStorySpots.BasicStorageCrateItems.AOK\",\"SaveValue\":0},{\"SaveObjectNameId\":\"SonsStorySpots.FlaresCase.ANL\",\"SaveValue\":0}]}"}}