{"Version":"0.0.0","Data":{"Fires":"{\"Version\":\"0.0.0\",\"FiresPerStructureType\":{\"32\":[{\"IsLit\":false,\"PutOutChance\":1,\"Fuel\":120.0,\"FuelDrainRate\":0.25},{\"IsLit\":false,\"PutOutChance\":1,\"Fuel\":300.0,\"FuelDrainRate\":1.0},{\"IsLit\":false,\"PutOutChance\":1,\"Fuel\":300.0,\"FuelDrainRate\":0.25},{\"IsLit\":false,\"PutOutChance\":1,\"Fuel\":300.0,\"FuelDrainRate\":1.0},{\"IsLit\":false,\"PutOutChance\":1,\"Fuel\":120.0,\"FuelDrainRate\":0.25},{\"IsLit\":false,\"PutOutChance\":2,\"Fuel\":1260.0,\"FuelDrainRate\":1.0},{\"IsLit\":false,\"PutOutChance\":1,\"Fuel\":300.0,\"FuelDrainRate\":0.25},{\"IsLit\":false,\"PutOutChance\":1,\"Fuel\":1260.0,\"FuelDrainRate\":0.6785714},{\"IsLit\":false,\"PutOutChance\":0,\"Fuel\":0.0092094,\"FuelDrainRate\":0.25},{\"IsLit\":false,\"PutOutChance\":1,\"Fuel\":300.0,\"FuelDrainRate\":1.0},{\"IsLit\":false,\"PutOutChance\":1,\"Fuel\":120.0,\"FuelDrainRate\":0.25},{\"IsLit\":true,\"PutOutChance\":2,\"Fuel\":911.700439,\"FuelDrainRate\":0.25}],\"25\":[]}}"}}