{"Version":"0.0.0","Data":{"PlayerInventory":"{\"Version\":\"0.0.0\",\"QuickSelect\":{\"Version\":\"0.0.0\",\"Slots\":[{\"ItemId\":356,\"Age\":217.063431},{\"ItemId\":443,\"Age\":217.063431},{\"ItemId\":355,\"Age\":217.063431},{\"ItemId\":393,\"Age\":217.063431},{\"ItemId\":440,\"Age\":217.063431},{\"ItemId\":437,\"Age\":217.063431},{\"ItemId\":441,\"Age\":217.063431},{\"ItemId\":465,\"Age\":217.063431},{\"ItemId\":589,\"Age\":217.063431}]},\"EquippedItems\":[{\"ItemId\":431,\"Modules\":[{\"ChannelWeights\":{\"x\":1.681558E-44,\"y\":1.681558E-44,\"z\":1.681558E-44,\"w\":1.681558E-44},\"Version\":\"0.0.0\",\"ModuleId\":0}]}],\"ItemInstanceManagerData\":{\"Version\":\"0.0.0\",\"ItemBlocks\":[{\"ItemId\":402,\"TotalCount\":1,\"UniqueItems\":[{\"Modules\":[{\"ChannelWeights\":{\"x\":0.0,\"y\":0.0,\"z\":0.0,\"w\":0.0},\"Version\":\"0.0.0\",\"ModuleId\":0},{\"AmmoType\":-1,\"CurrentAmmo\":-1,\"WeaponModIds\":[],\"Version\":\"0.0.0\",\"ModuleId\":4}]}]},{\"ItemId\":380,\"TotalCount\":1,\"UniqueItems\":[{\"Modules\":[{\"ChannelWeights\":{\"x\":0.0,\"y\":0.0,\"z\":0.0,\"w\":0.0},\"Version\":\"0.0.0\",\"ModuleId\":0}]}]},{\"ItemId\":351,\"TotalCount\":1,\"UniqueItems\":[]},{\"ItemId\":552,\"TotalCount\":1,\"UniqueItems\":[]},{\"ItemId\":486,\"TotalCount\":1,\"UniqueItems\":[]},{\"ItemId\":420,\"TotalCount\":10,\"UniqueItems\":[]},{\"ItemId\":381,\"TotalCount\":4,\"UniqueItems\":[]},{\"ItemId\":437,\"TotalCount\":6,\"UniqueItems\":[]},{\"ItemId\":504,\"TotalCount\":5,\"UniqueItems\":[]},{\"ItemId\":418,\"TotalCount\":21,\"UniqueItems\":[]},{\"ItemId\":414,\"TotalCount\":6,\"UniqueItems\":[]},{\"ItemId\":412,\"TotalCount\":1,\"UniqueItems\":[]},{\"ItemId\":379,\"TotalCount\":1,\"UniqueItems\":[{\"Modules\":[{\"ChannelWeights\":{\"x\":3.80101685E-13,\"y\":3.80101685E-13,\"z\":3.80101685E-13,\"w\":3.80101685E-13},\"Version\":\"0.0.0\",\"ModuleId\":0}]}]},{\"ItemId\":589,\"TotalCount\":1,\"UniqueItems\":[]},{\"ItemId\":393,\"TotalCount\":3,\"UniqueItems\":[]},{\"ItemId\":484,\"TotalCount\":504,\"UniqueItems\":[]},{\"ItemId\":446,\"TotalCount\":20,\"UniqueItems\":[]},{\"ItemId\":403,\"TotalCount\":10,\"UniqueItems\":[]},{\"ItemId\":445,\"TotalCount\":16,\"UniqueItems\":[]},{\"ItemId\":599,\"TotalCount\":4,\"UniqueItems\":[]},{\"ItemId\":443,\"TotalCount\":1,\"UniqueItems\":[{\"Modules\":[{\"AmmoType\":507,\"CurrentAmmo\":0,\"WeaponModIds\":[],\"Version\":\"0.0.0\",\"ModuleId\":4}]}]},{\"ItemId\":479,\"TotalCount\":47,\"UniqueItems\":[]},{\"ItemId\":397,\"TotalCount\":5,\"UniqueItems\":[]},{\"ItemId\":405,\"TotalCount\":15,\"UniqueItems\":[]},{\"ItemId\":474,\"TotalCount\":1,\"UniqueItems\":[{\"Modules\":[{\"ChannelWeights\":{\"x\":1.261169E-44,\"y\":1.261169E-44,\"z\":1.261169E-44,\"w\":1.261169E-44},\"Version\":\"0.0.0\",\"ModuleId\":0},{\"AmmoType\":474,\"CurrentAmmo\":1,\"WeaponModIds\":[],\"Version\":\"0.0.0\",\"ModuleId\":4}]}]},{\"ItemId\":453,\"TotalCount\":4,\"UniqueItems\":[]},{\"ItemId\":601,\"TotalCount\":3,\"UniqueItems\":[]},{\"ItemId\":398,\"TotalCount\":3,\"UniqueItems\":[]},{\"ItemId\":477,\"TotalCount\":1,\"UniqueItems\":[{\"Modules\":[{\"ChannelWeights\":{\"x\":1.121039E-44,\"y\":1.121039E-44,\"z\":1.121039E-44,\"w\":1.121039E-44},\"Version\":\"0.0.0\",\"ModuleId\":0}]}]},{\"ItemId\":448,\"TotalCount\":3,\"UniqueItems\":[]},{\"ItemId\":425,\"TotalCount\":4,\"UniqueItems\":[]},{\"ItemId\":450,\"TotalCount\":3,\"UniqueItems\":[]},{\"ItemId\":534,\"TotalCount\":1,\"UniqueItems\":[]},{\"ItemId\":524,\"TotalCount\":6,\"UniqueItems\":[]},{\"ItemId\":432,\"TotalCount\":1,\"UniqueItems\":[]},{\"ItemId\":496,\"TotalCount\":442,\"UniqueItems\":[]},{\"ItemId\":419,\"TotalCount\":30,\"UniqueItems\":[]},{\"ItemId\":441,\"TotalCount\":4,\"UniqueItems\":[]},{\"ItemId\":410,\"TotalCount\":18,\"UniqueItems\":[]},{\"ItemId\":449,\"TotalCount\":2,\"UniqueItems\":[]},{\"ItemId\":600,\"TotalCount\":3,\"UniqueItems\":[]},{\"ItemId\":439,\"TotalCount\":9,\"UniqueItems\":[]},{\"ItemId\":597,\"TotalCount\":1,\"UniqueItems\":[]},{\"ItemId\":476,\"TotalCount\":30,\"UniqueItems\":[]},{\"ItemId\":452,\"TotalCount\":3,\"UniqueItems\":[]},{\"ItemId\":472,\"TotalCount\":9,\"UniqueItems\":[]},{\"ItemId\":575,\"TotalCount\":1,\"UniqueItems\":[]},{\"ItemId\":618,\"TotalCount\":5,\"UniqueItems\":[]},{\"ItemId\":373,\"TotalCount\":8,\"UniqueItems\":[]},{\"ItemId\":368,\"TotalCount\":15,\"UniqueItems\":[]},{\"ItemId\":527,\"TotalCount\":4,\"UniqueItems\":[]},{\"ItemId\":400,\"TotalCount\":4,\"UniqueItems\":[]},{\"ItemId\":396,\"TotalCount\":1,\"UniqueItems\":[{\"Modules\":[{\"RecipeId\":-1,\"CurrentVolume\":70,\"Version\":\"0.0.0\",\"ModuleId\":7},{\"ChannelWeights\":{\"x\":1.681558E-44,\"y\":1.681558E-44,\"z\":1.681558E-44,\"w\":1.681558E-44},\"Version\":\"0.0.0\",\"ModuleId\":0}]}]},{\"ItemId\":434,\"TotalCount\":4,\"UniqueItems\":[]},{\"ItemId\":503,\"TotalCount\":1,\"UniqueItems\":[{\"Modules\":[{\"ChannelWeights\":{\"x\":1.261169E-44,\"y\":1.261169E-44,\"z\":1.261169E-44,\"w\":1.261169E-44},\"Version\":\"0.0.0\",\"ModuleId\":0}]}]},{\"ItemId\":440,\"TotalCount\":10,\"UniqueItems\":[]},{\"ItemId\":593,\"TotalCount\":6,\"UniqueItems\":[]},{\"ItemId\":417,\"TotalCount\":1,\"UniqueItems\":[]},{\"ItemId\":521,\"TotalCount\":1,\"UniqueItems\":[]},{\"ItemId\":612,\"TotalCount\":1,\"UniqueItems\":[]},{\"ItemId\":362,\"TotalCount\":6,\"UniqueItems\":[]},{\"ItemId\":522,\"TotalCount\":1,\"UniqueItems\":[{\"Modules\":[{\"AmmoType\":523,\"CurrentAmmo\":1,\"WeaponModIds\":[],\"Version\":\"0.0.0\",\"ModuleId\":4}]}]},{\"ItemId\":523,\"TotalCount\":5,\"UniqueItems\":[]},{\"ItemId\":422,\"TotalCount\":1,\"UniqueItems\":[{\"Modules\":[{\"ChannelWeights\":{\"x\":2.101948E-44,\"y\":2.101948E-44,\"z\":2.101948E-44,\"w\":2.101948E-44},\"Version\":\"0.0.0\",\"ModuleId\":0}]}]},{\"ItemId\":502,\"TotalCount\":25,\"UniqueItems\":[]},{\"ItemId\":415,\"TotalCount\":28,\"UniqueItems\":[]},{\"ItemId\":438,\"TotalCount\":6,\"UniqueItems\":[]},{\"ItemId\":416,\"TotalCount\":5,\"UniqueItems\":[]},{\"ItemId\":355,\"TotalCount\":1,\"UniqueItems\":[{\"Modules\":[{\"AmmoType\":362,\"CurrentAmmo\":12,\"WeaponModIds\":[608885360,791848980,-1299924474],\"Version\":\"0.0.0\",\"ModuleId\":4},{\"ChannelWeights\":{\"x\":0.0,\"y\":0.0,\"z\":0.0,\"w\":0.0},\"Version\":\"0.0.0\",\"ModuleId\":0}]}]},{\"ItemId\":529,\"TotalCount\":3,\"UniqueItems\":[{\"Modules\":[{\"IconIndex\":7,\"ShowBreadcrumbs\":false,\"Version\":\"0.0.0\",\"ModuleId\":2}]},{\"Modules\":[{\"IconIndex\":7,\"ShowBreadcrumbs\":false,\"Version\":\"0.0.0\",\"ModuleId\":2}]},{\"Modules\":[{\"IconIndex\":7,\"ShowBreadcrumbs\":false,\"Version\":\"0.0.0\",\"ModuleId\":2}]}]},{\"ItemId\":447,\"TotalCount\":5,\"UniqueItems\":[]},{\"ItemId\":421,\"TotalCount\":3,\"UniqueItems\":[]},{\"ItemId\":570,\"TotalCount\":1,\"UniqueItems\":[]},{\"ItemId\":571,\"TotalCount\":6,\"UniqueItems\":[]},{\"ItemId\":542,\"TotalCount\":1,\"UniqueItems\":[]},{\"ItemId\":569,\"TotalCount\":1,\"UniqueItems\":[]},{\"ItemId\":471,\"TotalCount\":1,\"UniqueItems\":[{\"Modules\":[{\"RecipeId\":-1,\"CurrentVolume\":92,\"Version\":\"0.0.0\",\"ModuleId\":7}]}]},{\"ItemId\":465,\"TotalCount\":7,\"UniqueItems\":[]},{\"ItemId\":459,\"TotalCount\":1,\"UniqueItems\":[{\"Modules\":[{\"AmmoType\":476,\"CurrentAmmo\":1,\"WeaponModIds\":[],\"Version\":\"0.0.0\",\"ModuleId\":4}]}]},{\"ItemId\":605,\"TotalCount\":2,\"UniqueItems\":[]},{\"ItemId\":554,\"TotalCount\":1,\"UniqueItems\":[]},{\"ItemId\":469,\"TotalCount\":3,\"UniqueItems\":[]},{\"ItemId\":613,\"TotalCount\":1,\"UniqueItems\":[]},{\"ItemId\":369,\"TotalCount\":6,\"UniqueItems\":[]},{\"ItemId\":353,\"TotalCount\":1,\"UniqueItems\":[{\"Modules\":[{\"AmmoType\":369,\"CurrentAmmo\":1,\"WeaponModIds\":[],\"Version\":\"0.0.0\",\"ModuleId\":4}]}]},{\"ItemId\":485,\"TotalCount\":1,\"UniqueItems\":[{\"Modules\":[{\"ChannelWeights\":{\"x\":2.101948E-44,\"y\":2.101948E-44,\"z\":2.101948E-44,\"w\":2.101948E-44},\"Version\":\"0.0.0\",\"ModuleId\":0}]}]},{\"ItemId\":364,\"TotalCount\":7,\"UniqueItems\":[]},{\"ItemId\":467,\"TotalCount\":1,\"UniqueItems\":[]},{\"ItemId\":423,\"TotalCount\":1,\"UniqueItems\":[]},{\"ItemId\":492,\"TotalCount\":1,\"UniqueItems\":[]},{\"ItemId\":566,\"TotalCount\":1,\"UniqueItems\":[]},{\"ItemId\":426,\"TotalCount\":1,\"UniqueItems\":[{\"Modules\":[{\"RecipeId\":-1787871881,\"CurrentVolume\":250,\"Version\":\"0.0.0\",\"ModuleId\":7}]}]},{\"ItemId\":428,\"TotalCount\":1,\"UniqueItems\":[]},{\"ItemId\":538,\"TotalCount\":1,\"UniqueItems\":[]},{\"ItemId\":358,\"TotalCount\":1,\"UniqueItems\":[{\"Modules\":[{\"AmmoType\":364,\"CurrentAmmo\":7,\"WeaponModIds\":[],\"Version\":\"0.0.0\",\"ModuleId\":4}]}]},{\"ItemId\":356,\"TotalCount\":1,\"UniqueItems\":[{\"Modules\":[{\"ChannelWeights\":{\"x\":1.261169E-44,\"y\":1.261169E-44,\"z\":1.261169E-44,\"w\":1.261169E-44},\"Version\":\"0.0.0\",\"ModuleId\":0}]}]},{\"ItemId\":388,\"TotalCount\":4,\"UniqueItems\":[]},{\"ItemId\":606,\"TotalCount\":2,\"UniqueItems\":[]},{\"ItemId\":518,\"TotalCount\":3,\"UniqueItems\":[]},{\"ItemId\":462,\"TotalCount\":2,\"UniqueItems\":[]},{\"ItemId\":365,\"TotalCount\":1,\"UniqueItems\":[{\"Modules\":[{\"AmmoType\":368,\"CurrentAmmo\":1,\"WeaponModIds\":[],\"Version\":\"0.0.0\",\"ModuleId\":4}]}]},{\"ItemId\":390,\"TotalCount\":1000,\"UniqueItems\":[]},{\"ItemId\":568,\"TotalCount\":1,\"UniqueItems\":[]},{\"ItemId\":544,\"TotalCount\":1,\"UniqueItems\":[]},{\"ItemId\":346,\"TotalCount\":1,\"UniqueItems\":[]},{\"ItemId\":508,\"TotalCount\":5,\"UniqueItems\":[]},{\"ItemId\":546,\"TotalCount\":1,\"UniqueItems\":[]},{\"ItemId\":340,\"TotalCount\":1,\"UniqueItems\":[{\"Modules\":[{\"ChannelWeights\":{\"x\":0.0,\"y\":0.0,\"z\":0.0,\"w\":0.0},\"Version\":\"0.0.0\",\"ModuleId\":0}]}]},{\"ItemId\":567,\"TotalCount\":1,\"UniqueItems\":[]},{\"ItemId\":535,\"TotalCount\":1,\"UniqueItems\":[]},{\"ItemId\":526,\"TotalCount\":1,\"UniqueItems\":[]},{\"ItemId\":543,\"TotalCount\":1,\"UniqueItems\":[]},{\"ItemId\":394,\"TotalCount\":1,\"UniqueItems\":[{\"Modules\":[{\"RecipeId\":-1,\"CurrentVolume\":95,\"Version\":\"0.0.0\",\"ModuleId\":7},{\"ChannelWeights\":{\"x\":3.923636E-44,\"y\":3.923636E-44,\"z\":3.923636E-44,\"w\":3.923636E-44},\"Version\":\"0.0.0\",\"ModuleId\":0}]}]},{\"ItemId\":413,\"TotalCount\":1,\"UniqueItems\":[]},{\"ItemId\":481,\"TotalCount\":1,\"UniqueItems\":[{\"Modules\":[{\"SourceActorType\":12,\"Version\":\"0.0.0\",\"ModuleId\":1},{\"CurrentState\":1,\"TimeRemainingInState\":79323.75,\"PauseDecay\":false,\"Version\":\"0.0.0\",\"ModuleId\":3},{\"ChannelWeights\":{\"x\":0.0,\"y\":0.0,\"z\":0.0,\"w\":0.0},\"Version\":\"0.0.0\",\"ModuleId\":0}]}]},{\"ItemId\":507,\"TotalCount\":3,\"UniqueItems\":[]},{\"ItemId\":495,\"TotalCount\":1,\"UniqueItems\":[]},{\"ItemId\":433,\"TotalCount\":3,\"UniqueItems\":[{\"Modules\":[{\"CurrentState\":1,\"TimeRemainingInState\":85745.94,\"PauseDecay\":true,\"Version\":\"0.0.0\",\"ModuleId\":3}]},{\"Modules\":[{\"CurrentState\":1,\"TimeRemainingInState\":85926.625,\"PauseDecay\":true,\"Version\":\"0.0.0\",\"ModuleId\":3}]},{\"Modules\":[{\"CurrentState\":1,\"TimeRemainingInState\":85877.19,\"PauseDecay\":true,\"Version\":\"0.0.0\",\"ModuleId\":3}]}]},{\"ItemId\":480,\"TotalCount\":1,\"UniqueItems\":[{\"Modules\":[{\"SourceActorType\":13,\"Version\":\"0.0.0\",\"ModuleId\":1},{\"CurrentState\":1,\"TimeRemainingInState\":73920.38,\"PauseDecay\":false,\"Version\":\"0.0.0\",\"ModuleId\":3},{\"ChannelWeights\":{\"x\":0.0,\"y\":0.0,\"z\":0.0,\"w\":0.0},\"Version\":\"0.0.0\",\"ModuleId\":0}]}]},{\"ItemId\":444,\"TotalCount\":1,\"UniqueItems\":[{\"Modules\":[{\"RecipeId\":-1,\"CurrentVolume\":608,\"Version\":\"0.0.0\",\"ModuleId\":7}]}]}]}}"}}