{"Version":"0.0.0","Data":{"ScrewStructureInstances":"{\"_structures\":[{\"Id\":47,\"Pos\":{\"x\":-945.188354,\"y\":115.661171,\"z\":27.7688122},\"Rot\":{\"x\":0.12608251,\"y\":0.0,\"z\":-0.03447374,\"w\":0.9914206},\"Storages\":[]},{\"Id\":40,\"Pos\":{\"x\":-935.625732,\"y\":115.061462,\"z\":31.0867348},\"Rot\":{\"x\":0.0,\"y\":-0.565120637,\"z\":0.0,\"w\":0.8250083},\"Storages\":[]},{\"Id\":29,\"Pos\":{\"x\":-937.7473,\"y\":115.37468,\"z\":26.73826},\"Rot\":{\"x\":0.03515567,\"y\":0.0,\"z\":-0.0354417525,\"w\":0.99875325},\"Storages\":[{\"Version\":\"0.0.0\",\"ItemBlocks\":[{\"ItemId\":392,\"TotalCount\":34,\"UniqueItems\":[]}]}]},{\"Id\":31,\"Pos\":{\"x\":-939.2448,\"y\":115.440849,\"z\":26.6073856},\"Rot\":{\"x\":0.02350633,\"y\":0.0,\"z\":-2.802597E-45,\"w\":0.999723732},\"Storages\":[{\"Version\":\"0.0.0\",\"ItemBlocks\":[{\"ItemId\":393,\"TotalCount\":15,\"UniqueItems\":[]}]}]},{\"Id\":32,\"Pos\":{\"x\":-940.730164,\"y\":115.397995,\"z\":26.794754},\"Rot\":{\"x\":-0.0302050952,\"y\":0.9865734,\"z\":0.04270469,\"w\":-0.1547158},\"Storages\":[{\"Version\":\"0.0.0\",\"ItemBlocks\":[{\"ItemId\":405,\"TotalCount\":49,\"UniqueItems\":[]}]}]},{\"Id\":22,\"Pos\":{\"x\":-933.173767,\"y\":115.462807,\"z\":32.2878532},\"Rot\":{\"x\":0.0,\"y\":-0.106692374,\"z\":0.0,\"w\":-0.9942921},\"Storages\":[]},{\"Id\":55,\"Pos\":{\"x\":-1248.74451,\"y\":131.199371,\"z\":-249.171875},\"Rot\":{\"x\":0.09642643,\"y\":-0.5160712,\"z\":0.0586079955,\"w\":0.849080443},\"Storages\":[]},{\"Id\":0,\"Pos\":{\"x\":-935.315552,\"y\":116.984055,\"z\":26.7913589},\"Rot\":{\"x\":0.00352906133,\"y\":0.9893599,\"z\":0.0243492071,\"w\":-0.143393263},\"Storages\":[{\"Version\":\"0.0.0\",\"ItemBlocks\":[{\"ItemId\":479,\"TotalCount\":5,\"UniqueItems\":[]}]}]},{\"Id\":27,\"Pos\":{\"x\":-936.035767,\"y\":115.061462,\"z\":33.709053},\"Rot\":{\"x\":0.0,\"y\":0.5221528,\"z\":0.0,\"w\":-0.8528519},\"Storages\":[{\"Version\":\"0.0.0\",\"ItemBlocks\":[{\"ItemId\":436,\"TotalCount\":1,\"UniqueItems\":[{\"Modules\":[{\"CurrentState\":4,\"TimeRemainingInState\":172800.0,\"PauseDecay\":true,\"Version\":\"0.0.0\",\"ModuleId\":3}]}]}]}]},{\"Id\":35,\"Pos\":{\"x\":-923.4705,\"y\":114.759941,\"z\":16.2758465},\"Rot\":{\"x\":0.0192520618,\"y\":0.0,\"z\":0.0162693951,\"w\":0.9996823},\"Storages\":[{\"Version\":\"0.0.0\",\"ItemBlocks\":[]}]},{\"Id\":37,\"Pos\":{\"x\":-935.429138,\"y\":115.061462,\"z\":40.6135},\"Rot\":{\"x\":0.0,\"y\":0.0932932049,\"z\":0.0,\"w\":0.995638669},\"Storages\":[{\"Version\":\"0.0.0\",\"ItemBlocks\":[{\"ItemId\":78,\"TotalCount\":5,\"UniqueItems\":[{\"Modules\":[{\"VariantNumber\":0,\"Version\":\"0.0.0\",\"ModuleId\":6}]},{\"Modules\":[{\"VariantNumber\":0,\"Version\":\"0.0.0\",\"ModuleId\":6}]},{\"Modules\":[{\"VariantNumber\":0,\"Version\":\"0.0.0\",\"ModuleId\":6}]},{\"Modules\":[{\"VariantNumber\":0,\"Version\":\"0.0.0\",\"ModuleId\":6}]},{\"Modules\":[{\"VariantNumber\":0,\"Version\":\"0.0.0\",\"ModuleId\":6}]}]}]}]},{\"Id\":20,\"Pos\":{\"x\":-943.8398,\"y\":115.0625,\"z\":32.6796951},\"Rot\":{\"x\":0.0160078369,\"y\":-0.5066831,\"z\":0.004044003,\"w\":0.861974239},\"Storages\":[]},{\"Id\":20,\"Pos\":{\"x\":-946.3859,\"y\":114.844177,\"z\":34.2606659},\"Rot\":{\"x\":0.0263988227,\"y\":-0.9498003,\"z\":-0.03331481,\"w\":-0.309955746},\"Storages\":[]},{\"Id\":20,\"Pos\":{\"x\":-944.102661,\"y\":115.021133,\"z\":33.80732},\"Rot\":{\"x\":0.0314383954,\"y\":-0.8856767,\"z\":-0.0100468611,\"w\":0.4631281},\"Storages\":[]},{\"Id\":47,\"Pos\":{\"x\":-1028.21973,\"y\":98.5393143,\"z\":1018.44171},\"Rot\":{\"x\":0.0,\"y\":-0.7165965,\"z\":0.0,\"w\":-0.697488},\"Storages\":[]},{\"Id\":47,\"Pos\":{\"x\":-540.0619,\"y\":196.751236,\"z\":111.782288},\"Rot\":{\"x\":0.0116922148,\"y\":0.0,\"z\":-0.0586931221,\"w\":0.9982076},\"Storages\":[]},{\"Id\":47,\"Pos\":{\"x\":-1340.32361,\"y\":97.66246,\"z\":1428.56934},\"Rot\":{\"x\":0.06575084,\"y\":-0.7150455,\"z\":0.00088854495,\"w\":-0.6959784},\"Storages\":[]},{\"Id\":55,\"Pos\":{\"x\":-674.667542,\"y\":111.653343,\"z\":437.909},\"Rot\":{\"x\":0.018083483,\"y\":0.9284003,\"z\":0.0455803834,\"w\":-0.368331939},\"Storages\":[]},{\"Id\":22,\"Pos\":{\"x\":-671.6426,\"y\":50.4950867,\"z\":1153.65662},\"Rot\":{\"x\":0.0,\"y\":-0.5324393,\"z\":0.0,\"w\":-0.8464682},\"Storages\":[]},{\"Id\":20,\"Pos\":{\"x\":-678.003845,\"y\":49.98397,\"z\":1155.12561},\"Rot\":{\"x\":0.0,\"y\":-0.4013916,\"z\":0.0,\"w\":0.915906549},\"Storages\":[]},{\"Id\":36,\"Pos\":{\"x\":-954.2576,\"y\":113.930725,\"z\":39.7307549},\"Rot\":{\"x\":-0.00703224353,\"y\":-0.8726101,\"z\":-0.0364277,\"w\":-0.487006366},\"Storages\":[]},{\"Id\":32,\"Pos\":{\"x\":-940.555054,\"y\":115.315117,\"z\":27.7627811},\"Rot\":{\"x\":0.0468686223,\"y\":0.0,\"z\":0.0232242178,\"w\":0.99863106},\"Storages\":[{\"Version\":\"0.0.0\",\"ItemBlocks\":[{\"ItemId\":405,\"TotalCount\":50,\"UniqueItems\":[]}]}]},{\"Id\":24,\"Pos\":{\"x\":-931.7894,\"y\":117.936386,\"z\":30.1380749},\"Rot\":{\"x\":0.0468686223,\"y\":0.0,\"z\":0.0232242178,\"w\":0.99863106},\"Storages\":[]},{\"Id\":25,\"Pos\":{\"x\":-928.835,\"y\":115.460548,\"z\":31.5601654},\"Rot\":{\"x\":0.0,\"y\":-0.8137525,\"z\":0.0,\"w\":0.5812117},\"Storages\":[]},{\"Id\":54,\"Pos\":{\"x\":-933.0923,\"y\":117.937271,\"z\":32.52169},\"Rot\":{\"x\":0.0,\"y\":0.995247662,\"z\":0.0,\"w\":-0.0973761},\"Storages\":[]},{\"Id\":48,\"Pos\":{\"x\":-931.5639,\"y\":115.461609,\"z\":30.0076752},\"Rot\":{\"x\":0.0,\"y\":-0.989227831,\"z\":0.0,\"w\":0.146384031},\"Storages\":[]},{\"Id\":51,\"Pos\":{\"x\":-934.5147,\"y\":116.938217,\"z\":30.5886955},\"Rot\":{\"x\":0.005526587,\"y\":0.8012842,\"z\":-0.007402663,\"w\":0.598212659},\"Storages\":[{\"Version\":\"0.0.0\",\"ItemBlocks\":[{\"ItemId\":434,\"TotalCount\":2,\"UniqueItems\":[]}]},{\"Version\":\"0.0.0\",\"ItemBlocks\":[{\"ItemId\":425,\"TotalCount\":1,\"UniqueItems\":[]}]},{\"Version\":\"0.0.0\",\"ItemBlocks\":[{\"ItemId\":421,\"TotalCount\":1,\"UniqueItems\":[]}]},{\"Version\":\"0.0.0\",\"ItemBlocks\":[]}]},{\"Id\":56,\"Pos\":{\"x\":-935.6962,\"y\":115.773048,\"z\":23.2647438},\"Rot\":{\"x\":0.009505518,\"y\":-0.9889035,\"z\":-0.0237741731,\"w\":0.146336049},\"Storages\":[]},{\"Id\":0,\"Pos\":{\"x\":-934.674,\"y\":116.976364,\"z\":26.5927525},\"Rot\":{\"x\":0.004334606,\"y\":0.9892039,\"z\":0.0299015623,\"w\":-0.1433975},\"Storages\":[{\"Version\":\"0.0.0\",\"ItemBlocks\":[{\"ItemId\":479,\"TotalCount\":5,\"UniqueItems\":[]}]}]},{\"Id\":56,\"Pos\":{\"x\":-951.2185,\"y\":114.070534,\"z\":41.8941269},\"Rot\":{\"x\":-0.0459828451,\"y\":0.6273201,\"z\":-0.0383080244,\"w\":-0.7764584},\"Storages\":[]},{\"Id\":23,\"Pos\":{\"x\":-935.4853,\"y\":116.961555,\"z\":31.03998},\"Rot\":{\"x\":0.0351794437,\"y\":-0.597661853,\"z\":0.0262638573,\"w\":0.800545454},\"Storages\":[]}]}"}}